CHROM	POS	REF	ALT	TYPE	QUAL	FILTER	VQSLOD	QD	FS	SOR	MQ	MQRankSum	ReadPosRankSum	MOTHER_GT	MOTHER_DP	MOTHER_GQ	MOTHER_AD	MOTHER_VAF	FATHER_GT	FATHER_DP	FATHER_GQ	FATHER_AD	FATHER_VAF	PROBAND_GT	PROBAND_DP	PROBAND_GQ	PROBAND_AD	PROBAND_VAF
chr1	9999315	G	A	SNV	464.03	PASS	16.33	12.21	4.815	1.164	60	0.409	1.55	0/0	42	99	"42,0"	0	0/0	41	99	"41,0"	0	0/1	38	99	"19,19"	0.5
chr1	90679453	T	C	SNV	500.03	PASS	16.68	13.16	3.053	0.25	60	0.058	1.28	0/0	26	72	"26,0"	0	0/0	35	99	"35,0"	0	0/1	38	99	"19,19"	0.5
chr1	157742727	C	A	SNV	610.03	PASS	15.4	12.98	2.488	0.856	60	-1.01E+00	1.76	0/0	37	99	"37,0"	0	0/0	24	58	"24,0"	0	0/1	47	99	"24,23"	0.4894
chr1	184521693	T	C	SNV	587.03	PASS	16.41	12.49	2.552	1.201	60	0.415	0.372	0/0	40	99	"40,0"	0	0/0	30	87	"30,0"	0	0/1	47	99	"24,23"	0.4894
chr1	229575608	A	C	SNV	701.03	PASS	15.03	12.75	1.026	0.778	60	-1.36E+00	1.66	0/0	31	90	"31,0"	0	0/0	30	87	"30,0"	0	0/1	55	99	"27,28"	0.5091
chr1	239408722	G	C	SNV	340.03	PASS	15.71	15.46	0	0.941	60	1.27	0.801	0/0	38	99	"38,0"	0	0/0	38	99	"38,0"	0	0/1	22	99	"9,13"	0.5909
chr2	28745488	A	G	SNV	976.03	PASS	13.91	17.43	14.117	0.073	60	0.419	0.248	0/0	34	99	"34,0"	0	0/0	38	99	"38,0"	0	0/1	56	99	"20,36"	0.6429
chr2	58142201	G	T	SNV	560.03	PASS	15.76	11.67	2.415	0.94	60	-5.82E-01	0.956	0/0	35	99	"35,0"	0	0/0	34	99	"34,0"	0	0/1	48	99	"27,21"	0.4375
chr2	112297295	G	T	SNV	531.03	PASS	16.91	14.75	4.943	0.397	60	0.417	0.289	0/0	36	99	"36,0"	0	0/0	36	99	"36,0"	0	0/1	36	99	"15,21"	0.5833
chr2	118798757	A	"*,T,ATT"	INDEL	2120.16	PASS	2.13	11.22	0.451	0.638	57.86	0.109	0.199	0/0	38	99	"38,0,0,0"	0	0/0	37	93	"37,0,0,0"	0	0/1	38	99	"18,18,0,0"	0.5
chr2	152645565	G	C	SNV	487.03	PASS	14.79	10.36	0	0.627	60	-1.41E+00	1.75	0/0	36	99	"36,0"	0	0/0	31	90	"31,0"	0	0/1	47	99	"27,20"	0.4255
chr2	167644905	A	G	SNV	415.03	PASS	16.15	12.58	1.352	1.022	60	0.127	0.492	0/0	27	72	"27,0"	0	0/0	37	99	"37,0"	0	0/1	33	99	"14,19"	0.5758
chr2	202275449	G	A	SNV	342.03	PASS	15.84	10.36	1.453	0.346	60	0.965	0.637	0/0	33	90	"33,0"	0	0/0	31	90	"31,0"	0	0/1	33	99	"19,14"	0.4242
chr2	208683622	C	T	SNV	437.03	PASS	15.93	10.66	2.755	0.965	60	-6.60E-02	1.18	0/0	41	99	"41,0"	0	0/0	36	96	"36,0"	0	0/1	41	99	"24,17"	0.4146
chr2	225123634	G	T	SNV	358.03	PASS	15.8	10.53	1.377	0.853	60	0.577	1.03	0/0	30	87	"30,0"	0	0/0	33	99	"33,0"	0	0/1	34	99	"20,14"	0.4118
chr2	225445251	T	A	SNV	509.03	PASS	15.79	12.12	0	0.709	60	0	1.14	0/0	28	81	"28,0"	0	0/0	39	99	"39,0"	0	0/1	42	99	"23,19"	0.4524
chr2	228740414	C	"*,T,CTTT,CTTTTT"	INDEL	30660.02	PASS	0.444	9.79	0.545	0.747	57.29	-2.89E-01	0.667	0/0	19	58	"19,0,0,0,0"	0	0/0	23	60	"23,0,0,0,0"	0	0/1	20	99	"10,10,0,0,0"	0.5
chr2	228740417	T	"*,TTC,TTCTTTTTCTTTC,TTTTCTTTC,TTCTTTCTTTTTCTTTC"	INDEL	30792.57	PASS	0.174	9.84	1.162	0.781	56.9	-4.17E-01	0.635	0/0	19	58	"19,0,0,0,0,0"	0	0/0	23	60	"23,0,0,0,0,0"	0	0/1	20	99	"10,10,0,0,0,0"	0.5
chr3	84878414	A	"*,C"	SNV	67578.52	PASS	0.648	14.43	1.108	0.645	58.07	0.106	0.969	0/0	31	93	"31,0,0"	0	0/0	38	99	"38,0,0"	0	0/1	23	99	"13,10,0"	0.4348
chr3	137755063	G	A	SNV	443.04	PASS	15.72	11.36	0	0.804	60	-5.20E-01	1.67	0/0	28	72	"28,0"	0	0/0	40	99	"40,0"	0	0/1	39	99	"20,19"	0.4872
chr4	869257	A	"*,ACAGACAGCACACACACAGATGCAGGGTT"	INDEL	593.12	PASS	1.19	10.41	1.801	0.701	62.61	-3.10E-02	0.027	0/0	45	99	"45,0,0"	0	0/0	47	99	"47,0,0"	0	0/1	34	99	"21,13,0"	0.3824
chr4	29196739	T	G	SNV	375.03	PASS	15.5	9.38	0	0.719	60	0.438	2.3	0/0	26	72	"26,0"	0	0/0	38	99	"38,0"	0	0/1	40	99	"23,17"	0.425
chr4	29519415	C	A	SNV	110113.9	PASS	18.75	16.69	0	0.709	60	-9.40E-02	0.451	0/0	28	49	"28,0"	0	0/0	33	78	"33,0"	0	0/1	39	99	"20,19"	0.4872
chr4	87825557	C	T	SNV	441.03	PASS	15.66	10.76	1.216	0.678	60	-2.78E-01	1.39	0/0	36	99	"36,0"	0	0/0	33	93	"33,0"	0	0/1	41	99	"24,17"	0.4146
chr5	14919317	T	"*,C,TATCTATC,TATCTATCTATC,TATCTATCTATCTATC,TATCTATCTATCTATCTATC"	INDEL	15012.91	PASS	2.8	10.57	0	0.678	43.89	0.031	0.299	0/0	39	45	"39,0,0,0,0,0,0"	0	0/0	41	81	"41,0,0,0,0,0,0"	0	0/1	26	99	"13,13,0,0,0,0,0"	0.5
chr5	59403178	T	"*,C"	SNV	25107.32	PASS	0.897	10.63	0.728	0.76	61.68	0.045	1.04	0/0	32	96	"32,0,0"	0	0/0	30	90	"30,0,0"	0	0/1	45	99	"29,16,0"	0.3556
chr5	110094319	G	T	SNV	787.03	PASS	16.03	13.57	2.226	1.028	60	0.918	0.855	0/0	40	99	"40,0"	0	0/0	34	99	"34,0"	0	0/1	58	99	"29,29"	0.5
chr5	136240573	C	T	SNV	540.03	PASS	15.05	11.25	0	0.711	60	-1.28E+00	-2.68E-01	0/0	36	99	"36,0"	0	0/0	32	90	"32,0"	0	0/1	48	99	"25,23"	0.4792
chr6	11271313	A	C	SNV	639.03	PASS	16.64	12.53	10.318	0.58	60	1.03	1.03	0/0	39	99	"39,0"	0	0/0	34	99	"34,0"	0	0/1	51	99	"26,25"	0.4902
chr6	22345720	C	T	SNV	2069.44	PASS	15.49	16.04	1.405	0.571	60	-6.02E-01	0.976	0/0	28	75	"28,0"	0	0/0	36	99	"36,0"	0	0/1	41	99	"25,16"	0.3902
chr6	62650554	G	T	SNV	453.03	PASS	15.52	12.24	0	0.804	60	0.686	0.686	0/0	31	90	"31,0"	0	0/0	26	72	"26,0"	0	0/1	37	99	"20,17"	0.4595
chr6	88517930	A	G	SNV	359.03	PASS	15.55	8.55	2.652	1.013	60	0.051	1.67	0/0	37	97	"37,0"	0	0/0	36	99	"36,0"	0	0/1	42	99	"25,17"	0.4048
chr7	4157950	G	A	SNV	651.03	PASS	16.96	13.29	8.059	1.109	60	-4.90E-01	1.07	0/0	35	99	"35,0"	0	0/0	36	99	"36,0"	0	0/1	49	99	"25,24"	0.4898
chr7	50429732	G	A	SNV	486.03	PASS	16.55	11.85	4.558	1.211	60	0.745	0.092	0/0	37	99	"37,0"	0	0/0	34	99	"34,0"	0	0/1	41	99	"22,19"	0.4634
chr7	51518878	G	T	SNV	479.03	PASS	14.89	10.65	0	0.646	60	-1.30E+00	2.15	0/0	37	99	"37,0"	0	0/0	34	99	"34,0"	0	0/1	45	99	"26,19"	0.4222
chr7	71687680	A	C	SNV	620.03	PASS	15.93	15.12	0	0.837	60	-6.60E-02	0.118	0/0	45	99	"45,0"	0	0/0	38	99	"38,0"	0	0/1	41	99	"18,23"	0.561
chr7	81859619	C	T	SNV	506.03	PASS	16.57	9.92	7.729	0.53	60	-4.66E-01	0.428	0/0	24	72	"24,0"	0	0/0	36	99	"36,0"	0	0/1	51	99	"29,22"	0.4314
chr7	89618290	C	T	SNV	555.03	PASS	15.12	16.82	8.039	1.004	60	-2.11E+00	0.73	0/0	31	84	"31,0"	0	0/0	41	99	"41,0"	0	0/1	33	99	"12,21"	0.6364
chr7	101412925	G	A	SNV	586.03	PASS	15.97	10.85	0	0.754	60	0.035	0.857	0/0	29	78	"29,0"	0	0/0	32	84	"32,0"	0	0/1	54	99	"31,23"	0.4259
chr7	132527472	G	A	SNV	232.63	PASS	16.57	10.11	3.925	1.609	60	-4.03E-01	0.031	0/0	33	70	"33,0"	0	0/0	36	99	"36,0"	0	0/1	23	99	"13,10"	0.4348
chr8	43348633	G	C	SNV	517.03	PASS	16.07	11.75	4.388	0.563	60	0.34	-1.40E+00	0/0	39	99	"39,0"	0	0/0	39	99	"39,0"	0	0/1	44	99	"22,22"	0.5
chr8	109713247	G	T	SNV	716.03	PASS	15.88	12.56	5.324	0.803	60	-1.33E+00	0.2	0/0	34	99	"34,0"	0	0/0	31	81	"31,0"	0	0/1	57	99	"29,28"	0.4912
chr8	110118773	C	T	SNV	616.03	PASS	15.82	14	0	0.637	60	0.389	2.61	0/0	38	99	"38,0"	0	0/0	35	99	"35,0"	0	0/1	44	99	"20,24"	0.5455
chr8	125008170	A	G	SNV	747.03	PASS	15.46	13.58	2.31	1.115	60	-1.14E+00	0.109	0/0	35	99	"35,0"	0	0/0	35	99	"35,0"	0	0/1	55	99	"28,27"	0.4909
chr8	126819574	T	C	SNV	626.03	PASS	16.2	14.91	2.659	0.368	60	1.11	0.979	0/0	35	99	"35,0"	0	0/0	34	99	"34,0"	0	0/1	42	99	"18,24"	0.5714
chr8	140489868	C	T	SNV	598.03	PASS	15.61	14.95	1.264	0.694	60	-6.76E-01	0.952	0/0	38	99	"38,0"	0	0/0	34	99	"34,0"	0	0/1	40	99	"16,24"	0.6
chr9	71443080	A	T	SNV	195.03	PASS	14.96	10.26	1.871	1.093	60	-1.36E+00	-2.89E-01	0/0	33	99	"33,0"	0	0/0	36	93	"36,0"	0	0/1	19	99	"11,8"	0.4211
chr9	91499823	C	G	SNV	465.03	PASS	15.67	13.29	1.313	0.99	60	-3.81E-01	-1.21E+00	0/0	36	73	"36,0"	0	0/0	33	84	"33,0"	0	0/1	35	99	"16,19"	0.5429
chr10	28265015	G	C	SNV	500.03	PASS	15.76	12.2	1.216	1.022	60	-7.97E-01	0.327	0/0	38	99	"38,0"	0	0/0	37	99	"37,0"	0	0/1	41	99	"22,19"	0.4634
chr10	47052641	C	T	SNV	593.03	PASS	15.99	12.89	0	0.871	60	0.857	1.54	0/0	24	60	"24,0"	0	0/0	35	99	"35,0"	0	0/1	46	99	"23,23"	0.5
chr10	69358267	A	G	SNV	1671.44	PASS	15.83	13.37	2.276	0.612	60	0.798	0.074	0/0	40	99	"40,0"	0	0/0	40	99	"40,0"	0	0/1	34	99	"19,15"	0.4412
chr10	95296731	G	A	SNV	568.03	PASS	15.61	14.2	0	0.693	60	-4.73E-01	0.798	0/0	36	99	"36,0"	0	0/0	38	99	"38,0"	0	0/1	40	99	"20,20"	0.5
chr10	102080198	C	T	SNV	593.03	PASS	15.09	14.83	1.222	0.483	60	1.29	-1.09E-01	0/0	42	99	"42,0"	0	0/0	35	90	"35,0"	0	0/1	40	99	"17,23"	0.575
chr10	121245747	C	T	SNV	576.03	PASS	12.32	16	13.869	2.142	60	-8.02E-01	0.674	0/0	26	78	"26,0"	0	0/0	39	99	"39,0"	0	0/1	36	99	"15,21"	0.5833
chr10	121685661	G	A	SNV	3375.03	PASS	17.63	12.36	2.633	0.756	60	0.281	0.979	0/0	33	99	"33,0"	0	0/0	38	99	"38,0"	0	0/1	43	99	"20,23"	0.5349
chr11	41818044	C	T	SNV	626.03	PASS	15.95	14.23	1.181	1.051	60	-2.00E-01	0.672	0/0	33	90	"33,0"	0	0/0	30	90	"30,0"	0	0/1	44	99	"20,24"	0.5455
chr11	50742981	T	G	SNV	265.04	PASS	14.77	8.83	5.859	1.773	60	0.258	-9.90E-01	0/0	35	99	"35,0"	0	0/0	25	72	"25,0"	0	0/1	30	99	"19,11"	0.3667
chr11	58869038	T	G	SNV	33291.55	PASS	2.44	18.21	0.521	0.779	59.99	0.208	-7.80E-02	0/0	16	45	"16,0"	0	0/0	35	99	"35,0"	0	0/1	31	99	"19,12"	0.3871
chr11	102302659	T	C	SNV	709.03	PASS	15.06	16.49	0	0.732	60	-1.16E+00	0.41	0/0	37	99	"37,0"	0	0/0	37	99	"37,0"	0	0/1	43	99	"17,26"	0.6047
chr12	15568767	A	G	SNV	449.03	PASS	15.81	9.98	0	0.848	60	0.011	0.494	0/0	34	99	"34,0"	0	0/0	37	99	"37,0"	0	0/1	45	99	"26,19"	0.4222
chr12	22527331	T	"*,TA,TATA,TATATA"	INDEL	9407.22	PASS	0.593	7.03	0	0.593	53.37	0.014	0.437	0/0	26	78	"26,0,0,0,0"	0	0/0	33	53	"31,0,2,0,0"	0	0/1	34	99	"16,18,0,0,0"	0.5294
chr12	112658378	T	C	SNV	507.03	PASS	0.526	13	12.506	1.198	59.9	0.829	0.014	0/0	37	99	"37,0"	0	0/0	41	99	"41,0"	0	0/1	39	99	"19,20"	0.5128
chr12	124469079	G	A	SNV	590.03	PASS	15.84	14.39	0	0.593	60	0.437	-7.81E-01	0/0	35	91	"35,0"	0	0/0	33	99	"33,0"	0	0/1	41	99	"17,24"	0.5854
chr12	128353836	A	C	SNV	547.03	PASS	16.26	16.09	3.051	0.307	60	-6.12E-01	1.17	0/0	32	72	"32,0"	0	0/0	33	99	"33,0"	0	0/1	34	99	"14,20"	0.5882
chr13	73413574	G	A	SNV	673.03	PASS	15.68	13.46	0	0.614	60	-7.98E-01	1.11	0/0	42	99	"42,0"	0	0/0	25	72	"25,0"	0	0/1	50	99	"23,27"	0.54
chr13	98928020	C	"*,A,CA"	INDEL	35505.89	PASS	1.87	5.16	0	0.679	55.64	-1.90E-01	-1.10E-01	0/0	28	32	"26,0,2,0"	0	0/0	30	90	"30,0,0,0"	0	0/1	36	99	"13,23,0,0"	0.6389
chr13	111298984	G	C	SNV	605.03	PASS	12.53	13.15	17.719	1.936	60	-1.76E-01	1.23	0/0	42	99	"42,0"	0	0/0	37	99	"37,0"	0	0/1	46	99	"23,23"	0.5
chr14	36405919	G	C	SNV	620.03	PASS	16	10.16	2.205	1.136	60	-6.60E-02	1.77	0/0	37	99	"37,0"	0	0/0	37	99	"37,0"	0	0/1	61	99	"36,25"	0.4098
chr14	40628772	G	A	SNV	688.03	PASS	14.22	16	15.152	1.239	60	-1.48E+00	1.83	0/0	36	99	"36,0"	0	0/0	38	99	"38,0"	0	0/1	43	99	"17,26"	0.6047
chr14	41468025	G	A	SNV	500.03	PASS	15.72	13.16	2.864	0.85	60	-5.26E-01	2.01	0/0	33	93	"33,0"	0	0/0	34	99	"34,0"	0	0/1	38	99	"19,19"	0.5
chr14	67393476	C	A	SNV	457.03	PASS	16.07	12.7	1.331	0.384	60	0.349	-3.17E-01	0/0	41	99	"41,0"	0	0/0	40	99	"40,0"	0	0/1	36	99	"19,17"	0.4722
chr15	57658602	G	A	SNV	471.03	PASS	14.48	10.24	1.165	0.497	60	-1.52E+00	-1.08E+00	0/0	27	72	"27,0"	0	0/0	39	99	"39,0"	0	0/1	46	99	"26,20"	0.4348
chr15	89006775	C	T	SNV	2354.57	PASS	0.306	12.59	1.808	0.865	59.52	-2.17E-01	0	0/0	34	99	"34,0"	0	0/0	27	81	"27,0"	0	0/1	27	99	"14,13"	0.4815
chr16	7723068	A	C	SNV	355.03	PASS	15.76	12.68	1.51	0.814	60	-5.74E-01	0.712	0/0	34	99	"34,0"	0	0/0	38	99	"38,0"	0	0/1	28	99	"14,14"	0.5
chr16	13296659	G	A	SNV	312.03	PASS	15.02	8.67	0	0.883	60	-8.92E-01	0.406	0/0	42	99	"42,0"	0	0/0	41	99	"41,0"	0	0/1	36	99	"22,14"	0.3889
chr17	79608240	G	A	SNV	421.03	PASS	14.51	10.27	6.637	1.739	60	0.146	-8.60E-01	0/0	35	99	"35,0"	0	0/0	31	93	"31,0"	0	0/1	41	99	"24,17"	0.4146
chr18	3090585	C	T	SNV	505.03	PASS	15.81	12.32	1.204	0.824	60	-3.52E-01	0.039	0/0	41	99	"41,0"	0	0/0	35	90	"35,0"	0	0/1	41	99	"21,20"	0.4878
chr19	2106284	C	G	SNV	789.03	PASS	15.47	15.47	7.729	1.392	60	1.32	-3.14E-01	0/0	40	99	"40,0"	0	0/0	39	99	"39,0"	0	0/1	51	99	"22,29"	0.5686
chr19	15119201	G	A	SNV	834.03	PASS	16.22	15.45	2.334	0.87	60	0.548	0.426	0/0	37	99	"37,0"	0	0/0	34	99	"34,0"	0	0/1	54	99	"24,30"	0.5556
chr19	18619139	G	A	SNV	520.03	PASS	15.43	11.31	0	0.693	60	-7.59E-01	1.09	0/0	33	99	"33,0"	0	0/0	31	81	"31,0"	0	0/1	46	99	"24,22"	0.4783
chr19	34633074	C	G	SNV	418.03	PASS	15.78	12.3	1.281	0.941	60	-3.28E-01	0.086	0/0	34	99	"34,0"	0	0/0	36	99	"36,0"	0	0/1	34	99	"18,16"	0.4706
chr19	37203721	C	T	SNV	528.03	PASS	14.58	9.26	5.577	0.257	60	1.63	2.35	0/0	36	99	"36,0"	0	0/0	44	99	"44,0"	0	0/1	57	99	"35,22"	0.386
chr19	46808177	T	"*,TA,TATA,TATATA"	INDEL	56897.46	PASS	0.844	8.76	0	0.708	48.5	0	0.675	0/0	36	73	"36,0,0,0,0"	0	0/0	37	99	"37,0,0,0,0"	0	0/1	25	99	"15,10,0,0,0"	0.4
chr20	6279078	T	C	SNV	46594.94	PASS	17.57	13.93	1.099	0.791	60	0.125	0.372	0/0	35	80	"35,0"	0	0/0	35	99	"35,0"	0	0/1	38	99	"17,21"	0.5526
chr20	6591664	C	A	SNV	491.03	PASS	15.84	11.98	0	0.624	60	0.196	-2.48E-01	0/0	32	90	"32,0"	0	0/0	35	99	"35,0"	0	0/1	41	99	"22,19"	0.4634
chr21	25659369	T	C	SNV	448.03	PASS	15.4	12.11	0	0.602	60	0.046	-1.72E+00	0/0	31	90	"31,0"	0	0/0	39	99	"39,0"	0	0/1	37	99	"19,18"	0.4865
chr21	41361189	G	A	SNV	465.05	PASS	15.65	10.82	1.213	1.078	60	-8.93E-01	0.379	0/0	43	99	"43,0"	0	0/0	28	81	"28,0"	0	0/1	43	99	"24,19"	0.4419
chr22	49265432	G	C	SNV	6070.35	PASS	1.33	13.64	0.543	0.78	58.88	0.036	-3.37E-01	0/0	19	43	"19,0"	0	0/0	35	70	"35,0"	0	0/1	25	99	"12,13"	0.52
