CHROM	POS	REF	ALT	TYPE	QUAL	FILTER	VQSLOD	QD	FS	SOR	MQ	MQRankSum	ReadPosRankSum	MOTHER_GT	MOTHER_DP	MOTHER_GQ	MOTHER_AD	MOTHER_VAF	FATHER_GT	FATHER_DP	FATHER_GQ	FATHER_AD	FATHER_VAF	PROBAND_GT	PROBAND_DP	PROBAND_GQ	PROBAND_AD	PROBAND_VAF
chr1	9999315	G	A	SNV	464.03	PASS	16.33	12.21	4.815	1.164	60.00	0.409	1.55	0/0	42	99	42,0	0.0000	0/0	41	99	41,0	0.0000	0/1	38	99	19,19	0.5000
chr1	12806003	T	C	SNV	1786.58	PASS	-5.453e-01	9.50	5.119	0.918	84.57	-3.200e-01	-7.900e-01	0/0	39	99	39,0	0.0000	0/0	25	33	24,1	0.0400	0/1	36	99	18,18	0.5000
chr1	12806008	A	G	SNV	1756.67	PASS	0.116	9.92	6.608	1.033	87.47	-3.670e-01	-5.400e-01	0/0	39	99	39,0	0.0000	0/0	26	36	25,1	0.0385	0/1	35	99	17,18	0.5143
chr1	12806021	T	C	SNV	1143.98	PASS	-1.115e-01	6.15	10.442	1.248	88.27	-3.940e-01	-7.890e-01	0/0	39	99	39,0	0.0000	0/0	26	33	25,1	0.0385	0/1	34	99	17,17	0.5000
chr1	12856885	T	C	SNV	1886.61	PASS	-2.273e+00	8.35	1.758	0.861	60.12	-5.830e-01	-1.660e+00	0/0	35	99	35,0	0.0000	0/0	17	48	17,0	0.0000	0/1	26	99	18,8	0.3077
chr1	33914412	T	*,TG,G	INDEL	7427.12	PASS	0.539	1.30	0.000	0.716	23.35	0.182	0.258	0/0	41	99	41,0,0,0	0.0000	0/0	36	64	35,0,0,1	0.0000	0/1	45	99	21,24,0,0	0.5333
chr1	38911647	C	*,T,A,G	SNV	2031.22	PASS	-2.630e+00	1.55	0.000	0.652	29.11	0.083	1.13	0/0	34	53	34,0,0,0,0	0.0000	0/0	22	67	22,0,0,0,0	0.0000	0/1	36	99	15,21,0,0,0	0.5833
chr1	39296835	G	A	SNV	738.07	PASS	-8.146e-01	12.51	8.069	1.406	81.01	-9.630e-01	-6.670e-01	0/0	40	85	40,0	0.0000	0/0	18	55	18,0	0.0000	0/1	34	99	22,12	0.3529
chr1	40554251	G	*,T	SNV	20299.33	PASS	-2.145e+00	4.80	1.106	0.690	37.95	0.00	0.626	0/0	33	89	32,0,1	0.0000	0/0	40	99	40,0,0	0.0000	0/1	22	99	10,12,0	0.5455
chr1	41074073	T	*,C	SNV	7298.61	PASS	-2.336e+00	2.40	1.775	0.559	23.64	0.034	0.231	0/0	22	63	21,0,0	0.0000	0/0	36	99	36,0,0	0.0000	0/1	32	99	17,15,0	0.4688
chr1	55665784	C	T	SNV	36158.73	PASS	-3.894e-01	13.65	0.521	0.762	59.14	0.00	0.264	0/0	15	45	15,0	0.0000	0/0	30	65	30,0	0.0000	0/1	21	99	10,11	0.5238
chr1	86935511	A	G	SNV	238.51	PASS	-1.300e+00	7.23	2.770	0.350	82.45	1.21	0.158	0/0	38	99	38,0	0.0000	0/0	44	99	44,0	0.0000	0/1	33	99	22,11	0.3333
chr1	90679453	T	C	SNV	500.03	PASS	16.68	13.16	3.053	0.250	60.00	0.058	1.28	0/0	26	72	26,0	0.0000	0/0	35	99	35,0	0.0000	0/1	38	99	19,19	0.5000
chr1	108733650	T	*,A	SNV	5882.94	PASS	-2.724e+00	1.24	1.102	0.770	37.94	0.00	0.102	0/0	51	83	51,0,0	0.0000	0/0	36	87	34,0,2	0.0000	0/1	33	99	15,18,0	0.5455
chr1	122610176	A	T,C	SNV	2081.68	PASS	-2.608e+00	3.11	1.650	1.009	45.85	0.752	0.492	0/0	15	30	15,0,0	0.0000	0/0	31	90	31,0,0	0.0000	0/1	9	99	5,4,0	0.4444
chr1	122648236	C	A	SNV	596.53	PASS	-1.672e+00	4.45	0.000	0.679	80.28	-3.020e-01	0.748	0/0	38	99	38,0	0.0000	0/0	48	54	46,2	0.0417	0/1	4	78	2,2	0.5000
chr1	122669772	T	G	SNV	34.22	PASS	-2.492e+00	1.27	5.450	0.180	54.93	2.10	0.456	0/0	19	57	19,0	0.0000	0/0	13	39	13,0	0.0000	0/1	13	60	9,4	0.3077
chr1	122853810	C	G,A	SNV	121.06	PASS	-2.424e+00	1.44	0.000	0.675	72.20	0.736	-2.210e-01	0/0	37	99	37,0,0	0.0000	0/0	74	99	74,0,0	0.0000	0/1	3	25	1,2,0	0.6667
chr1	123172462	G	T	SNV	531.35	PASS	-1.279e+00	2.36	0.000	0.793	60.58	-3.000e-01	-1.340e-01	0/0	52	99	52,0	0.0000	0/0	54	99	54,0	0.0000	0/1	19	91	13,6	0.3158
chr1	123244310	T	C	SNV	616.67	PASS	-1.794e+00	1.01	2.062	0.524	71.46	-8.800e-01	0.505	0/0	67	53	67,0	0.0000	0/0	40	71	38,2	0.0500	0/1	25	99	17,8	0.3200
chr1	123428010	C	G	SNV	111.37	PASS	-2.467e+00	8.57	1.753	0.554	87.10	-1.624e+00	-3.800e-01	0/0	34	99	34,0	0.0000	0/0	38	99	38,0	0.0000	0/1	3	36	1,2	0.6667
chr1	123534514	G	T	SNV	717.57	PASS	-2.242e+00	3.28	11.428	1.487	52.08	0.724	1.32	0/0	28	72	28,0	0.0000	0/0	21	42	21,0	0.0000	0/1	18	99	12,6	0.3333
chr1	123735274	T	A	SNV	140.53	PASS	-1.552e+00	7.81	11.095	1.954	85.96	1.41	0.736	0/0	19	57	19,0	0.0000	0/0	25	75	25,0	0.0000	0/1	5	75	3,2	0.4000
chr1	123760663	C	T,*	SNV	2392.94	PASS	-1.760e+00	4.64	4.798	0.983	48.62	1.32	0.786	0/0	68	99	68,0,0	0.0000	0/0	87	99	87,0,0	0.0000	0/1	39	99	20,19,0	0.4872
chr1	123768120	A	C	SNV	2429.89	PASS	-2.751e+00	1.73	0.000	0.609	50.24	-2.190e-01	0.470	0/0	89	99	89,0	0.0000	0/0	62	99	59,3	0.0484	0/1	12	99	7,5	0.4167
chr1	123875774	T	A	SNV	833.51	PASS	-2.404e+00	8.01	1.186	0.581	59.31	-1.406e+00	0.615	0/0	47	42	43,4	0.0851	0/0	34	99	34,0	0.0000	0/1	26	99	13,13	0.5000
chr1	124082826	T	A	SNV	2060.64	PASS	-2.283e+00	7.60	1.598	0.532	45.71	0.720	-2.890e-01	0/0	57	99	57,0	0.0000	0/0	31	93	31,0	0.0000	0/1	4	78	2,2	0.5000
chr1	124082828	T	G	SNV	2051.18	PASS	-2.336e+00	7.57	0.730	0.555	44.17	0.817	0.736	0/0	57	99	57,0	0.0000	0/0	31	93	31,0	0.0000	0/1	4	78	2,2	0.5000
chr1	124082840	T	C	SNV	1765.29	PASS	-2.360e+00	6.42	0.000	0.625	45.93	0.736	0.358	0/0	57	99	57,0	0.0000	0/0	32	95	32,0	0.0000	0/1	4	78	2,2	0.5000
chr1	124082881	C	G	SNV	314.23	PASS	-1.854e+00	8.73	9.993	0.199	59.72	1.03	0.00	0/0	57	99	57,0	0.0000	0/0	22	63	22,0	0.0000	0/1	4	37	2,2	0.5000
chr1	124510110	T	G	SNV	466.95	PASS	-2.173e+00	5.13	0.000	0.624	52.77	1.10	0.522	0/0	12	33	12,0	0.0000	0/0	16	48	16,0	0.0000	0/1	6	66	3,3	0.5000
chr1	124683365	T	G	SNV	294.99	PASS	-1.500e+00	8.43	2.216	1.000	86.91	0.715	0.248	0/0	32	81	32,0	0.0000	0/0	19	48	19,0	0.0000	0/1	9	70	6,3	0.3333
chr1	148108847	A	*,ACACACG	INDEL	828.83	PASS	-6.109e-01	1.46	0.856	0.526	6.26	.	.	0/0	44	96	44,0,0	0.0000	0/0	30	57	30,0,0	0.0000	0/1	32	51	1,2,0	0.6667
chr1	148108851	A	*,ACG	INDEL	489.51	PASS	-4.973e-01	1.15	0.856	0.525	7.12	.	.	0/0	44	96	44,0,0	0.0000	0/0	30	57	30,0,0	0.0000	0/1	32	51	1,2,0	0.6667
chr1	157742727	C	A	SNV	610.03	PASS	15.40	12.98	2.488	0.856	60.00	-1.011e+00	1.76	0/0	37	99	37,0	0.0000	0/0	24	58	24,0	0.0000	0/1	47	99	24,23	0.4894
chr1	184521693	T	C	SNV	587.03	PASS	16.41	12.49	2.552	1.201	60.00	0.415	0.372	0/0	40	99	40,0	0.0000	0/0	30	87	30,0	0.0000	0/1	47	99	24,23	0.4894
chr1	210867364	T	*,C	SNV	5296.71	PASS	-2.321e+00	3.61	0.000	0.654	37.13	-7.300e-02	0.810	0/0	26	78	26,0,0	0.0000	0/0	31	92	31,0,0	0.0000	0/1	45	99	28,17,0	0.3778
chr1	211452221	T	*,TTC,TTCTG	INDEL	8751.31	PASS	0.541	2.10	1.215	0.793	14.41	.	.	0/0	39	66	39,0,0,0	0.0000	0/0	37	30	37,0,0,0	0.0000	0/1	23	99	12,11,0,0	0.4783
chr1	229575608	A	C	SNV	701.03	PASS	15.03	12.75	1.026	0.778	60.00	-1.355e+00	1.66	0/0	31	90	31,0	0.0000	0/0	30	87	30,0	0.0000	0/1	55	99	27,28	0.5091
chr1	239408722	G	C	SNV	340.03	PASS	15.71	15.46	0.000	0.941	60.00	1.27	0.801	0/0	38	99	38,0	0.0000	0/0	38	99	38,0	0.0000	0/1	22	99	9,13	0.5909
chr1	247032631	C	*,G	SNV	1325.13	PASS	-1.745e+00	2.54	0.000	0.676	44.79	0.041	0.266	0/0	55	99	55,0,0	0.0000	0/0	29	84	29,0,0	0.0000	0/1	36	99	19,17,0	0.4722
chr1	247032653	G	*,A	SNV	2999.13	PASS	-2.563e+00	6.46	0.552	0.746	32.87	0.170	-1.810e-01	0/0	60	99	60,0,0	0.0000	0/0	28	78	28,0,0	0.0000	0/1	36	99	19,17,0	0.4722
chr2	16118183	C	G	SNV	203654.44	PASS	-1.295e+00	26.21	5.140	1.086	59.34	-1.700e-02	-1.021e+00	0/0	36	99	36,0	0.0000	0/0	37	93	37,0	0.0000	0/1	23	99	11,12	0.5217
chr2	28745488	A	G	SNV	976.03	PASS	13.91	17.43	14.117	0.073	60.00	0.419	0.248	0/0	34	99	34,0	0.0000	0/0	38	99	38,0	0.0000	0/1	56	99	20,36	0.6429
chr2	56622999	T	C,TAA	INDEL	21093.89	PASS	0.114	33.17	0.000	0.747	52.90	0.361	0.406	0/0	27	45	27,0,0	0.0000	0/0	20	36	20,0,0	0.0000	0/1	8	99	3,5,0	0.6250
chr2	58142201	G	T	SNV	560.03	PASS	15.76	11.67	2.415	0.940	60.00	-5.820e-01	0.956	0/0	35	99	35,0	0.0000	0/0	34	99	34,0	0.0000	0/1	48	99	27,21	0.4375
chr2	77731876	T	*,TGG,G	INDEL	2362.47	PASS	-8.222e-01	0.79	0.526	0.751	5.35	.	.	0/0	24	72	24,0,0,0	0.0000	0/0	14	42	14,0,0,0	0.0000	0/1	20	99	8,12,0,0	0.6000
chr2	80036854	A	*,T	SNV	22520.24	PASS	-1.753e+00	6.16	0.549	0.637	41.90	0.127	0.919	0/0	47	78	47,0,0	0.0000	0/0	27	81	27,0,0	0.0000	0/1	25	99	14,11,0	0.4400
chr2	93141970	G	A	SNV	398.39	PASS	-1.605e+00	3.53	5.309	1.018	55.03	-5.870e-01	0.541	0/0	51	99	51,0	0.0000	0/0	36	99	36,0	0.0000	0/1	28	99	19,9	0.3214
chr2	102003852	G	*,T	SNV	431.32	PASS	-1.643e+00	2.63	0.000	0.615	57.87	0.638	-1.169e+00	0/0	22	52	22,0,0	0.0000	0/0	39	99	39,0,0	0.0000	0/1	39	99	19,18,0	0.4865
chr2	112297295	G	T	SNV	531.03	PASS	16.91	14.75	4.943	0.397	60.00	0.417	0.289	0/0	36	99	36,0	0.0000	0/0	36	99	36,0	0.0000	0/1	36	99	15,21	0.5833
chr2	118798757	A	*,T,ATT	INDEL	2120.16	PASS	2.13	11.22	0.451	0.638	57.86	0.109	0.199	0/0	38	99	38,0,0,0	0.0000	0/0	37	93	37,0,0,0	0.0000	0/1	38	99	18,18,0,0	0.5000
chr2	124271705	T	*,TATC	INDEL	5625.70	PASS	0.230	0.89	0.534	0.749	23.18	-2.610e-01	0.187	0/0	28	84	28,0,0	0.0000	0/0	36	99	36,0,0	0.0000	0/1	35	99	20,15,0	0.4286
chr2	126677522	T	*,A	SNV	7270.52	PASS	-2.701e+00	1.30	0.522	0.733	31.45	0.165	1.01	0/0	43	99	43,0,0	0.0000	0/0	38	99	38,0,0	0.0000	0/1	45	99	23,22,0	0.4889
chr2	127132449	T	*,TGC	INDEL	1211.45	PASS	-8.280e-01	1.45	14.257	1.218	12.79	0.465	0.358	0/0	35	54	35,0,0	0.0000	0/0	19	49	17,0,0	0.0000	0/1	2	38	1,1,0	0.5000
chr2	135965611	G	A	SNV	297.03	PASS	14.19	7.24	7.071	1.742	60.00	-1.141e+00	0.234	0/0	25	72	25,0	0.0000	0/0	38	99	38,0	0.0000	0/1	41	99	27,14	0.3415
chr2	152645565	G	C	SNV	487.03	PASS	14.79	10.36	0.000	0.627	60.00	-1.409e+00	1.75	0/0	36	99	36,0	0.0000	0/0	31	90	31,0	0.0000	0/1	47	99	27,20	0.4255
chr2	164702578	T	*,A	SNV	5768.88	PASS	-1.811e+00	2.72	1.256	0.792	52.15	-5.200e-02	0.633	0/0	39	99	39,0,0	0.0000	0/0	17	46	16,0,1	0.0000	0/1	22	99	14,8,0	0.3636
chr2	166475095	C	T	SNV	33630.33	PASS	-5.622e-01	18.99	1.123	0.603	63.34	0.033	0.395	0/0	31	63	31,0	0.0000	0/0	13	39	13,0	0.0000	0/1	31	99	16,15	0.4839
chr2	167644905	A	G	SNV	415.03	PASS	16.15	12.58	1.352	1.022	60.00	0.127	0.492	0/0	27	72	27,0	0.0000	0/0	37	99	37,0	0.0000	0/1	33	99	14,19	0.5758
chr2	179397853	T	*,TATACGTATATACACACGTACGTACATACACAC	INDEL	1638.21	PASS	-8.639e-01	0.79	2.084	0.743	6.31	.	.	0/0	15	45	15,0,0	0.0000	0/0	15	30	15,0,0	0.0000	0/1	12	99	6,6,0	0.5000
chr2	179493771	A	*,ATGTG	INDEL	38232.65	PASS	0.908	10.46	0.000	0.732	47.41	0.101	0.471	0/0	12	45	12,0,0	0.0000	0/0	27	45	27,0,0	0.0000	0/1	28	99	13,15,0	0.5357
chr2	202275449	G	A	SNV	342.03	PASS	15.84	10.36	1.453	0.346	60.00	0.965	0.637	0/0	33	90	33,0	0.0000	0/0	31	90	31,0	0.0000	0/1	33	99	19,14	0.4242
chr2	208179704	T	*,TTTC	INDEL	14609.03	PASS	0.939	1.62	0.000	0.715	9.67	-1.010e-01	0.437	0/0	37	41	37,0,0	0.0000	0/0	46	99	44,0,0	0.0000	0/1	31	99	11,20,0	0.6452
chr2	208683622	C	T	SNV	437.03	PASS	15.93	10.66	2.755	0.965	60.00	-6.600e-02	1.18	0/0	41	99	41,0	0.0000	0/0	36	96	36,0	0.0000	0/1	41	99	24,17	0.4146
chr2	220574004	A	G	SNV	12589.18	PASS	0.594	20.37	0.000	0.710	59.62	0.054	1.13	0/0	38	79	38,0	0.0000	0/0	20	31	17,3	0.1500	0/1	17	99	7,10	0.5882
chr2	225123634	G	T	SNV	358.03	PASS	15.80	10.53	1.377	0.853	60.00	0.577	1.03	0/0	30	87	30,0	0.0000	0/0	33	99	33,0	0.0000	0/1	34	99	20,14	0.4118
chr2	225445251	T	A	SNV	509.03	PASS	15.79	12.12	0.000	0.709	60.00	0.00	1.14	0/0	28	81	28,0	0.0000	0/0	39	99	39,0	0.0000	0/1	42	99	23,19	0.4524
chr2	228740414	C	*,T,CTTT,CTTTTT	INDEL	30660.02	PASS	0.444	9.79	0.545	0.747	57.29	-2.890e-01	0.667	0/0	19	58	19,0,0,0,0	0.0000	0/0	23	60	23,0,0,0,0	0.0000	0/1	20	99	10,10,0,0,0	0.5000
chr2	228740417	T	*,TTC,TTCTTTTTCTTTC,TTTTCTTTC,TTCTTTCTTTTTCTTTC	INDEL	30792.57	PASS	0.174	9.84	1.162	0.781	56.90	-4.170e-01	0.635	0/0	19	58	19,0,0,0,0,0	0.0000	0/0	23	60	23,0,0,0,0,0	0.0000	0/1	20	99	10,10,0,0,0,0	0.5000
chr2	234902014	G	*,GAA	INDEL	1112.95	PASS	-1.978e-01	1.02	1.903	0.824	5.55	.	.	0/0	18	40	18,0,0	0.0000	0/0	34	93	34,0,0	0.0000	0/1	21	99	13,8,0	0.3810
chr2	241760089	A	G,*	SNV	33443.46	PASS	-1.953e+00	9.89	0.542	0.759	43.12	-1.375e+00	-1.098e+00	0/0	42	99	42,0,0	0.0000	0/0	56	75	35,0,21	0.0000	0/1	31	99	17,14,0	0.4516
chr3	36824982	T	*,C	SNV	5241.94	PASS	-2.392e+00	1.39	1.159	0.591	40.05	-2.670e-01	-1.320e-01	0/0	28	86	28,0,0	0.0000	0/0	42	99	42,0,0	0.0000	0/1	26	99	18,8,0	0.3077
chr3	56033034	A	*,AAAAAGAAAC,AAC	INDEL	3640.49	PASS	1.37	2.05	0.553	0.737	5.54	.	.	0/0	32	96	32,0,0,0	0.0000	0/0	35	63	35,0,0,0	0.0000	0/1	20	99	10,10,0,0	0.5000
chr3	56033044	G	*,GAAA	INDEL	1675.04	PASS	1.21	1.03	0.000	0.752	11.13	.	.	0/0	11	35	11,0,0	0.0000	0/0	36	72	36,0,0	0.0000	0/1	20	99	10,10,0	0.5000
chr3	75634265	C	*,T	SNV	1847.54	PASS	-2.296e+00	2.33	1.169	0.702	34.88	-1.103e+00	1.43	0/0	28	49	28,0,0	0.0000	0/0	51	99	51,0,0	0.0000	0/1	45	99	28,17,0	0.3778
chr3	84878414	A	*,C	SNV	67578.52	PASS	0.648	14.43	1.108	0.645	58.07	0.106	0.969	0/0	31	93	31,0,0	0.0000	0/0	38	99	38,0,0	0.0000	0/1	23	99	13,10,0	0.4348
chr3	90830099	A	G	SNV	2612.11	PASS	-2.062e+00	1.53	0.000	1.093	67.24	-4.820e-01	0.836	0/0	40	85	40,0	0.0000	0/0	19	48	19,0	0.0000	0/1	5	75	3,2	0.4000
chr3	91089703	C	T	SNV	2380.06	PASS	-2.314e+00	5.23	10.152	0.614	61.43	0.742	0.747	0/0	19	32	19,0	0.0000	0/0	18	33	18,0	0.0000	0/1	15	99	10,5	0.3333
chr3	91257704	T	A	SNV	10872.53	PASS	-2.325e+00	6.06	0.684	0.571	47.85	-3.070e-01	0.093	0/0	15	42	15,0	0.0000	0/0	59	33	54,5	0.0847	0/1	43	99	29,14	0.3256
chr3	106520407	T	C	SNV	889.03	PASS	14.65	17.78	0.000	0.762	60.00	-1.290e+00	1.11	0/0	35	99	35,0	0.0000	0/0	37	99	37,0	0.0000	0/1	50	99	17,33	0.6600
chr3	119976786	T	*,A	SNV	6267.06	PASS	-1.789e+00	4.81	1.174	0.802	49.44	0.055	-4.000e-01	0/0	25	74	25,0,0	0.0000	0/0	38	99	38,0,0	0.0000	0/1	21	99	12,9,0	0.4286
chr3	137755063	G	A	SNV	443.04	PASS	15.72	11.36	0.000	0.804	60.00	-5.200e-01	1.67	0/0	28	72	28,0	0.0000	0/0	40	99	40,0	0.0000	0/1	39	99	20,19	0.4872
chr3	146015465	T	C	SNV	19082.69	PASS	-1.702e+00	8.35	1.218	0.820	40.45	0.113	0.330	0/0	21	57	21,0	0.0000	0/0	33	46	31,2	0.0606	0/1	40	99	26,14	0.3500
chr3	162628334	C	A,*	SNV	4624.98	PASS	-2.410e+00	3.91	3.415	0.561	53.07	0.00	-8.500e-01	0/0	49	73	49,0,0	0.0000	0/0	13	39	13,0,0	0.0000	0/1	12	99	8,4,0	0.3333
chr3	194706253	T	*,C	SNV	52587.95	PASS	-8.223e-01	13.48	1.151	0.810	42.13	0.197	0.735	0/0	30	61	30,0,0	0.0000	0/0	43	69	43,0,0	0.0000	0/1	21	99	14,7,0	0.3333
chr3	195649703	A	T	SNV	19599.77	PASS	-1.921e+00	6.12	0.000	0.683	43.99	-4.860e-01	0.359	0/0	48	99	48,0	0.0000	0/0	42	99	42,0	0.0000	0/1	35	99	21,14	0.4000
chr4	869257	A	*,ACAGACAGCACACACACAGATGCAGGGTT	INDEL	593.12	PASS	1.19	10.41	1.801	0.701	62.61	-3.100e-02	0.027	0/0	45	99	45,0,0	0.0000	0/0	47	99	47,0,0	0.0000	0/1	34	99	21,13,0	0.3824
chr4	29196739	T	G	SNV	375.03	PASS	15.50	9.38	0.000	0.719	60.00	0.438	2.30	0/0	26	72	26,0	0.0000	0/0	38	99	38,0	0.0000	0/1	40	99	23,17	0.4250
chr4	29519415	C	A	SNV	110113.90	PASS	18.75	16.69	0.000	0.709	60.00	-9.400e-02	0.451	0/0	28	49	28,0	0.0000	0/0	33	78	33,0	0.0000	0/1	39	99	20,19	0.4872
chr4	49126497	A	T	SNV	26080.41	PASS	-2.335e+00	9.51	1.940	0.781	48.59	0.553	-1.026e+00	0/0	28	87	28,0	0.0000	0/0	25	75	25,0	0.0000	0/1	24	99	15,9	0.3750
chr4	64834570	T	*,TATACATATATGTATACATATATACATAC	INDEL	289.21	PASS	-2.572e-01	0.20	0.537	0.629	7.98	.	.	0/0	11	33	11,0,0	0.0000	0/0	11	33	11,0,0	0.0000	0/1	22	99	8,14,0	0.6364
chr4	69578562	C	*,G	SNV	738.50	PASS	-2.395e+00	4.20	0.397	0.718	30.63	-7.160e-01	1.01	0/0	40	85	40,0,0	0.0000	0/0	37	99	37,0,0	0.0000	0/1	27	99	11,12,0	0.5217
chr4	87825557	C	T	SNV	441.03	PASS	15.66	10.76	1.216	0.678	60.00	-2.780e-01	1.39	0/0	36	99	36,0	0.0000	0/0	33	93	33,0	0.0000	0/1	41	99	24,17	0.4146
chr4	102208368	A	C	SNV	54215.77	PASS	-7.994e-01	11.35	4.082	0.978	45.26	-1.164e+00	0.339	0/0	25	40	25,0	0.0000	0/0	36	99	36,0	0.0000	0/1	22	99	13,9	0.4091
chr4	102579648	T	*,A	SNV	39288.42	PASS	-1.650e+00	5.43	0.000	0.727	43.26	0.073	0.466	0/0	22	66	22,0,0	0.0000	0/0	29	69	29,0,0	0.0000	0/1	37	99	16,21,0	0.5676
chr4	131747744	C	T	SNV	2030.46	PASS	-2.701e+00	3.82	0.000	0.724	34.91	0.632	0.720	0/0	29	38	29,0	0.0000	0/0	17	48	17,0	0.0000	0/1	9	71	6,3	0.3333
chr4	133567017	T	C	SNV	18036.86	PASS	-9.489e-01	7.19	22.827	1.887	60.48	0.055	0.358	0/0	25	72	25,0	0.0000	0/0	14	42	14,0	0.0000	0/1	26	99	17,9	0.3462
chr4	186436524	C	T,*	SNV	1173.70	PASS	-2.182e+00	6.67	3.806	0.568	41.00	-1.231e+00	1.01	0/0	40	99	40,0,0	0.0000	0/0	50	46	50,0,0	0.0000	0/1	21	99	14,7,0	0.3333
chr5	5954951	C	G,*	SNV	1467.86	PASS	-2.449e+00	7.45	12.701	0.230	56.42	-1.495e+00	-2.740e-01	0/0	47	99	47,0,0	0.0000	0/0	55	99	55,0,0	0.0000	0/1	13	99	9,4,0	0.3077
chr5	10883064	A	*,G	SNV	28321.69	PASS	-2.784e+00	9.83	0.000	0.686	23.32	-9.400e-02	-5.800e-02	0/0	41	99	39,0,0	0.0000	0/0	36	99	36,0,0	0.0000	0/1	30	99	20,10,0	0.3333
chr5	14919317	T	*,C,TATCTATC,TATCTATCTATC,TATCTATCTATCTATC,TATCTATCTATCTATCTATC	INDEL	15012.91	PASS	2.80	10.57	0.000	0.678	43.89	0.031	0.299	0/0	39	45	39,0,0,0,0,0,0	0.0000	0/0	41	81	41,0,0,0,0,0,0	0.0000	0/1	26	99	13,13,0,0,0,0,0	0.5000
chr5	51002528	A	G	SNV	328.03	PASS	-2.189e+00	7.46	2.307	0.864	85.81	-8.190e-01	0.135	0/0	34	99	34,0	0.0000	0/0	39	99	39,0	0.0000	0/1	44	99	30,14	0.3182
chr5	58879076	A	*,G	SNV	939.46	PASS	-1.556e+00	1.15	0.686	0.745	70.66	0.238	0.118	0/0	16	48	16,0,0	0.0000	0/0	37	99	37,0,0	0.0000	0/1	28	99	10,18,0	0.6429
chr5	59403178	T	*,C	SNV	25107.32	PASS	0.897	10.63	0.728	0.760	61.68	0.045	1.04	0/0	32	96	32,0,0	0.0000	0/0	30	90	30,0,0	0.0000	0/1	45	99	29,16,0	0.3556
chr5	73127386	T	*,A	SNV	7006.52	PASS	-1.445e+00	11.49	1.163	0.667	31.88	-2.480e-01	-2.780e-01	0/0	21	66	21,0,0	0.0000	0/0	33	99	33,0,0	0.0000	0/1	20	99	8,12,0	0.6000
chr5	81993328	C	T	SNV	4693.95	PASS	-3.918e-01	13.22	0.000	0.899	86.64	-5.100e-01	0.731	0/0	21	64	21,0	0.0000	0/0	10	32	10,0	0.0000	0/1	18	99	10,8	0.4444
chr5	110094319	G	T	SNV	787.03	PASS	16.03	13.57	2.226	1.028	60.00	0.918	0.855	0/0	40	99	40,0	0.0000	0/0	34	99	34,0	0.0000	0/1	58	99	29,29	0.5000
chr5	136240573	C	T	SNV	540.03	PASS	15.05	11.25	0.000	0.711	60.00	-1.280e+00	-2.680e-01	0/0	36	99	36,0	0.0000	0/0	32	90	32,0	0.0000	0/1	48	99	25,23	0.4792
chr5	155212590	A	*,G	SNV	14145.08	PASS	-2.531e+00	3.24	1.743	0.739	36.45	-1.210e-01	1.08	0/0	30	91	30,0,0	0.0000	0/0	16	49	16,0,0	0.0000	0/1	25	99	15,10,0	0.4000
chr5	155212592	A	*,G	SNV	10828.79	PASS	-2.437e+00	2.60	1.731	0.760	39.06	0.091	0.467	0/0	30	91	30,0,0	0.0000	0/0	24	72	24,0,0	0.0000	0/1	25	99	15,10,0	0.4000
chr5	179229334	T	C,*	SNV	36225.12	PASS	-1.795e+00	9.71	2.602	0.592	52.35	-7.400e-01	2.86	0/0	36	56	35,1,0	0.0278	0/0	29	34	27,2,0	0.0690	0/1	51	99	34,17,0	0.3333
chr6	424328	C	*,G	SNV	4414.08	PASS	-2.730e+00	8.90	17.642	0.107	40.78	0.340	0.122	0/0	42	96	42,0,0	0.0000	0/0	36	69	36,0,0	0.0000	0/1	32	59	13,19,0	0.5938
chr6	2209572	C	*,CACAT	INDEL	4172.62	PASS	0.441	0.95	1.841	0.670	14.91	0.180	0.334	0/0	32	92	31,0,0	0.0000	0/0	29	75	29,0,0	0.0000	0/1	22	99	7,15,0	0.6818
chr6	6332755	A	*,ATT,T	INDEL	20603.22	PASS	-6.395e-01	2.73	0.000	0.718	25.58	-9.600e-02	0.669	0/0	48	99	48,0,0,0	0.0000	0/0	27	62	26,0,0,1	0.0000	0/1	28	99	17,11,0,0	0.3929
chr6	11271313	A	C	SNV	639.03	PASS	16.64	12.53	10.318	0.580	60.00	1.03	1.03	0/0	39	99	39,0	0.0000	0/0	34	99	34,0	0.0000	0/1	51	99	26,25	0.4902
chr6	22345720	C	T	SNV	2069.44	PASS	15.49	16.04	1.405	0.571	60.00	-6.020e-01	0.976	0/0	28	75	28,0	0.0000	0/0	36	99	36,0	0.0000	0/1	41	99	25,16	0.3902
chr6	29093931	T	*,A,TA	INDEL	38101.78	PASS	0.224	4.72	0.000	0.693	31.93	-2.900e-01	0.127	0/0	27	47	25,0,2,0	0.0000	0/0	25	72	25,0,0,0	0.0000	0/1	35	99	20,15,0,0	0.4286
chr6	32580336	G	A	SNV	129582.46	PASS	0.136	22.85	8.212	0.350	53.53	-8.140e-01	-3.200e-02	0/0	29	81	29,0	0.0000	0/0	12	30	12,0	0.0000	0/1	10	42	7,3	0.3000
chr6	32663173	T	C	SNV	2258.70	PASS	-2.551e+00	4.01	0.000	0.655	69.00	-7.610e-01	-2.194e+00	0/0	27	36	26,1	0.0370	0/0	28	57	28,0	0.0000	0/1	23	99	16,7	0.3043
chr6	48625076	A	*,T	SNV	6914.90	PASS	-1.106e+00	4.71	0.000	0.642	71.03	-1.620e-01	0.410	0/0	28	45	28,0,0	0.0000	0/0	30	91	30,0,0	0.0000	0/1	29	99	17,12,0	0.4138
chr6	49144693	T	*,G,TTCTTTCTG	INDEL	3169.14	PASS	-4.711e-01	1.18	0.000	0.644	3.17	.	.	0/0	31	93	31,0,0,0	0.0000	0/0	24	72	24,0,0,0	0.0000	0/1	30	99	18,12,0,0	0.4000
chr6	49144707	C	*,CTTT	INDEL	1077.46	PASS	-5.207e-01	0.44	0.534	0.749	3.85	.	.	0/0	37	76	37,0,0	0.0000	0/0	24	72	24,0,0	0.0000	0/1	30	99	18,12,0	0.4000
chr6	51807456	A	*,T,AT	INDEL	23204.34	PASS	0.256	5.53	1.124	0.731	32.58	0.248	0.296	0/0	13	38	13,0,0,0	0.0000	0/0	34	60	34,0,0,0	0.0000	0/1	23	99	9,14,0,0	0.6087
chr6	51807457	A	*,AT	INDEL	2486.61	PASS	-6.522e-01	0.75	1.144	0.665	7.89	-2.480e-01	0.573	0/0	13	38	13,0,0	0.0000	0/0	34	60	34,0,0	0.0000	0/1	23	99	9,14,0	0.6087
chr6	51807458	A	*,T,AT,AAT,ATAT	INDEL	26133.11	PASS	-2.550e-02	6.07	0.530	0.747	34.85	-2.010e-01	0.244	0/0	13	38	13,0,0,0,0,0	0.0000	0/0	34	53	34,0,0,0,0,0	0.0000	0/1	23	99	9,14,0,0,0,0	0.6087
chr6	56938110	A	*,C	SNV	13239.73	PASS	-2.641e+00	2.49	0.525	0.753	35.73	-1.770e-01	0.925	0/0	29	88	29,0,0	0.0000	0/0	31	58	29,0,2	0.0000	0/1	20	99	12,8,0	0.4000
chr6	62650554	G	T	SNV	453.03	PASS	15.52	12.24	0.000	0.804	60.00	0.686	0.686	0/0	31	90	31,0	0.0000	0/0	26	72	26,0	0.0000	0/1	37	99	20,17	0.4595
chr6	88517930	A	G	SNV	359.03	PASS	15.55	8.55	2.652	1.013	60.00	0.051	1.67	0/0	37	97	37,0	0.0000	0/0	36	99	36,0	0.0000	0/1	42	99	25,17	0.4048
chr6	108143625	T	A,TGAGAGA	INDEL	6440.98	PASS	-6.117e-01	9.86	12.790	1.603	64.01	-5.550e-01	-2.960e-01	0/0	15	39	15,0,0	0.0000	0/0	25	63	25,0,0	0.0000	0/1	13	99	8,5,0	0.3846
chr6	108143627	T	A,TGAGAGAGA,TGAGAGAGAGAGAGAGAGAGA,TGAGAGAGAGA	INDEL	16039.52	PASS	-7.242e-01	13.90	10.441	1.416	61.83	-5.900e-02	0.656	0/0	15	39	15,0,0,0,0	0.0000	0/0	25	63	25,0,0,0,0	0.0000	0/1	13	99	8,5,0,0,0	0.3846
chr6	108143629	T	A,TGAGAGAGAGA,TGAGAGAGAGAGAGA,TGAGAGAGAGAGA,TGAGAGAGAGAGAGAGA	INDEL	43593.32	PASS	-6.320e-01	14.38	11.117	1.406	60.15	-2.040e-01	0.611	0/0	15	39	15,0,0,0,0,0	0.0000	0/0	25	63	25,0,0,0,0,0	0.0000	0/1	13	99	8,5,0,0,0,0	0.3846
chr6	108143631	T	A,TGAGAGAGAGAGA,TGAGAGAGAGAGAGAGA,TGAGAGAGAGAGAGA,TGAGAGAGAGAGAGAGAGAGA	INDEL	59203.36	PASS	-3.301e-01	16.12	13.887	1.532	60.15	-1.330e-01	0.551	0/0	15	39	15,0,0,0,0,0	0.0000	0/0	25	63	25,0,0,0,0,0	0.0000	0/1	13	99	8,5,0,0,0,0	0.3846
chr6	108143633	T	A,TGAGAGAGAGAGAGA,TGAGAGAGAGAGA,TGAGAGAGAGAGAGAGAGAGA,TGAGAGAGAGAGAGAGA,TGAGAGAGAGAGAGAGAGA	INDEL	64132.80	PASS	-2.629e-01	16.67	16.813	1.563	60.30	-2.500e-02	0.322	0/0	13	33	13,0,0,0,0,0,0	0.0000	0/0	25	63	25,0,0,0,0,0,0	0.0000	0/1	13	99	8,5,0,0,0,0,0	0.3846
chr6	114958495	A	*,AC,C	INDEL	22893.67	PASS	0.640	13.85	1.213	0.607	42.99	-5.800e-02	0.964	0/0	35	90	35,0,0,0	0.0000	0/0	24	50	22,0,0,2	0.0000	0/1	20	99	6,14,0,0	0.7000
chr6	134968768	C	*,A	SNV	2408.70	PASS	-2.250e+00	0.63	1.206	0.574	54.55	0.036	-3.660e-01	0/0	31	79	31,0,0	0.0000	0/0	28	73	27,0,1	0.0000	0/1	45	99	20,25,0	0.5556
chr6	135857464	G	A	SNV	231.03	PASS	14.47	6.60	0.000	0.693	60.00	0.871	2.40	0/0	34	67	34,0	0.0000	0/0	36	99	36,0	0.0000	0/1	35	99	24,11	0.3143
chr6	145631873	A	*,T	SNV	11514.16	PASS	-2.051e+00	5.98	0.000	0.661	36.92	0.046	1.17	0/0	35	70	35,0,0	0.0000	0/0	24	72	24,0,0	0.0000	0/1	43	99	25,18,0	0.4186
chr6	157278899	C	A	SNV	7144.83	PASS	-2.446e+00	7.17	5.186	1.089	61.88	-1.460e-01	-2.298e+00	0/0	30	90	30,0	0.0000	0/0	30	69	30,0	0.0000	0/1	20	99	13,7	0.3500
chr6	157374502	G	*,A	SNV	1452.97	PASS	-2.259e+00	0.64	0.567	0.810	49.04	0.189	0.083	0/0	34	99	34,0,0	0.0000	0/0	37	99	37,0,0	0.0000	0/1	31	99	15,16,0	0.5161
chr6	170246249	C	*,A	SNV	9465.27	PASS	-1.948e+00	10.87	0.000	0.716	38.37	0.00	0.177	0/0	32	58	24,8,0	0.2500	0/0	35	83	35,0,0	0.0000	0/1	28	99	17,11,0	0.3929
chr7	4157950	G	A	SNV	651.03	PASS	16.96	13.29	8.059	1.109	60.00	-4.900e-01	1.07	0/0	35	99	35,0	0.0000	0/0	36	99	36,0	0.0000	0/1	49	99	25,24	0.4898
chr7	47707508	T	*,TA	INDEL	4249.85	PASS	-3.512e-01	1.82	1.134	0.606	22.14	-2.990e-01	0.533	0/0	26	67	25,0,1	0.0000	0/0	30	90	30,0,0	0.0000	0/1	27	99	13,14,0	0.5185
chr7	50429732	G	A	SNV	486.03	PASS	16.55	11.85	4.558	1.211	60.00	0.745	0.092	0/0	37	99	37,0	0.0000	0/0	34	99	34,0	0.0000	0/1	41	99	22,19	0.4634
chr7	51518878	G	T	SNV	479.03	PASS	14.89	10.65	0.000	0.646	60.00	-1.298e+00	2.15	0/0	37	99	37,0	0.0000	0/0	34	99	34,0	0.0000	0/1	45	99	26,19	0.4222
chr7	67136656	T	*,TG,G	INDEL	9086.57	PASS	0.357	1.35	0.589	0.616	4.46	.	.	0/0	30	90	30,0,0,0	0.0000	0/0	34	93	34,0,0,0	0.0000	0/1	29	99	10,19,0,0	0.6552
chr7	67136658	T	*,TGG	INDEL	6744.72	PASS	0.349	1.52	1.278	0.624	4.39	.	.	0/0	31	93	31,0,0	0.0000	0/0	34	93	34,0,0	0.0000	0/1	29	99	10,19,0	0.6552
chr7	68242335	A	C	SNV	5294.72	PASS	-1.982e+00	20.44	19.703	0.317	82.78	0.00	0.919	0/0	37	99	37,0	0.0000	0/0	26	62	26,0	0.0000	0/1	22	99	8,14	0.6364
chr7	71687680	A	C	SNV	620.03	PASS	15.93	15.12	0.000	0.837	60.00	-6.600e-02	0.118	0/0	45	99	45,0	0.0000	0/0	38	99	38,0	0.0000	0/1	41	99	18,23	0.5610
chr7	73725766	A	*,AAGCAAGC,AAGC	INDEL	9087.15	PASS	0.028	1.13	0.522	0.742	29.06	0.099	0.347	0/0	31	97	31,0,0,0	0.0000	0/0	37	99	37,0,0,0	0.0000	0/1	31	99	18,13,0,0	0.4194
chr7	81859619	C	T	SNV	506.03	PASS	16.57	9.92	7.729	0.530	60.00	-4.660e-01	0.428	0/0	24	72	24,0	0.0000	0/0	36	99	36,0	0.0000	0/1	51	99	29,22	0.4314
chr7	87209687	C	T,*	SNV	23252.61	PASS	-4.693e-01	17.50	0.867	0.549	79.94	-1.580e-01	0.00	0/0	17	50	17,0,0	0.0000	0/0	27	80	27,0,0	0.0000	0/1	22	99	12,10,0	0.4545
chr7	89618290	C	T	SNV	555.03	PASS	15.12	16.82	8.039	1.004	60.00	-2.114e+00	0.730	0/0	31	84	31,0	0.0000	0/0	41	99	41,0	0.0000	0/1	33	99	12,21	0.6364
chr7	98490067	T	C	SNV	30104.20	PASS	0.906	12.91	1.114	0.833	60.34	0.037	-4.670e-01	0/0	30	30	27,3	0.1000	0/0	38	99	38,0	0.0000	0/1	24	99	14,10	0.4167
chr7	101412925	G	A	SNV	586.03	PASS	15.97	10.85	0.000	0.754	60.00	0.035	0.857	0/0	29	78	29,0	0.0000	0/0	32	84	32,0	0.0000	0/1	54	99	31,23	0.4259
chr7	128643626	C	T	SNV	654.03	PASS	-1.402e+00	15.21	1.213	0.416	57.39	0.160	0.332	0/0	38	99	38,0	0.0000	0/0	36	99	36,0	0.0000	0/1	43	99	18,25	0.5814
chr7	132527472	G	A	SNV	232.63	PASS	16.57	10.11	3.925	1.609	60.00	-4.030e-01	0.031	0/0	33	70	33,0	0.0000	0/0	36	99	36,0	0.0000	0/1	23	99	13,10	0.4348
chr7	150123614	A	*,C,AC,ACAC,ACACACAC	INDEL	31287.06	PASS	1.84	3.90	0.000	0.706	33.68	0.196	-8.100e-02	0/0	30	90	30,0,0,0,0,0	0.0000	0/0	46	99	46,0,0,0,0,0	0.0000	0/1	32	99	17,15,0,0,0,0	0.4688
chr7	156293481	C	T,CTTTCTTTCTTTCTT,*	INDEL	11927.22	PASS	1.84	13.18	0.000	0.633	77.08	-1.450e-01	0.135	0/0	16	48	16,0,0,0	0.0000	0/0	31	90	31,0,0,0	0.0000	0/1	26	99	17,9,0,0	0.3462
chr7	156980237	T	C	SNV	86.56	PASS	-6.154e-01	9.62	4.584	0.148	68.09	0.434	0.876	0/0	41	73	41,0	0.0000	0/0	26	34	26,0	0.0000	0/1	9	99	4,5	0.5556
chr8	21176810	A	*,T	SNV	15834.66	PASS	-1.708e+00	6.59	0.000	0.653	37.23	-6.150e-01	0.717	0/0	32	81	32,0,0	0.0000	0/0	34	99	34,0,0	0.0000	0/1	28	99	14,14,0	0.5000
chr8	43348633	G	C	SNV	517.03	PASS	16.07	11.75	4.388	0.563	60.00	0.340	-1.397e+00	0/0	39	99	39,0	0.0000	0/0	39	99	39,0	0.0000	0/1	44	99	22,22	0.5000
chr8	57132577	C	*,CT,T	INDEL	3066.35	PASS	-6.922e-01	0.66	1.770	0.735	26.99	0.242	-7.670e-01	0/0	37	99	37,0,0,0	0.0000	0/0	32	96	32,0,0,0	0.0000	0/1	34	99	19,15,0,0	0.4412
chr8	63461073	C	*,T	SNV	5715.16	PASS	-2.317e+00	2.83	1.164	0.791	46.33	0.195	0.648	0/0	21	63	21,0,0	0.0000	0/0	18	54	18,0,0	0.0000	0/1	11	99	6,5,0	0.4545
chr8	98701263	C	*,T	SNV	944.64	PASS	-2.251e+00	3.31	2.307	0.850	32.74	0.558	0.558	0/0	24	72	24,0,0	0.0000	0/0	46	99	46,0,0	0.0000	0/1	25	99	11,14,0	0.5600
chr8	100836458	A	G,*	SNV	26715.83	PASS	-2.074e+00	15.69	0.594	0.634	58.45	0.00	0.736	0/0	15	48	15,0,0	0.0000	0/0	18	54	18,0,0	0.0000	0/1	6	39	3,3,0	0.5000
chr8	109713247	G	T	SNV	716.03	PASS	15.88	12.56	5.324	0.803	60.00	-1.333e+00	0.200	0/0	34	99	34,0	0.0000	0/0	31	81	31,0	0.0000	0/1	57	99	29,28	0.4912
chr8	110118773	C	T	SNV	616.03	PASS	15.82	14.00	0.000	0.637	60.00	0.389	2.61	0/0	38	99	38,0	0.0000	0/0	35	99	35,0	0.0000	0/1	44	99	20,24	0.5455
chr8	115499960	T	*,TTTC	INDEL	404.91	PASS	-6.426e-01	0.22	0.000	0.816	5.72	.	.	0/0	47	72	47,0,0	0.0000	0/0	38	99	38,0,0	0.0000	0/1	35	99	23,12,0	0.3429
chr8	115499964	T	*,TTTCTTTC,TTTC,TTTCTTTCTTTCTTTC	INDEL	4087.80	PASS	-8.724e-01	1.64	0.796	0.780	23.46	0.921	0.462	0/0	42	99	42,0,0,0,0	0.0000	0/0	38	99	38,0,0,0,0	0.0000	0/1	35	99	23,12,0,0,0	0.3429
chr8	125008170	A	G	SNV	747.03	PASS	15.46	13.58	2.310	1.115	60.00	-1.136e+00	0.109	0/0	35	99	35,0	0.0000	0/0	35	99	35,0	0.0000	0/1	55	99	28,27	0.4909
chr8	126819574	T	C	SNV	626.03	PASS	16.20	14.91	2.659	0.368	60.00	1.11	0.979	0/0	35	99	35,0	0.0000	0/0	34	99	34,0	0.0000	0/1	42	99	18,24	0.5714
chr8	131178652	C	*,A	SNV	1200.69	PASS	-2.340e+00	0.52	0.588	0.616	54.65	-4.080e-01	-4.600e-02	0/0	28	87	28,0,0	0.0000	0/0	35	99	35,0,0	0.0000	0/1	29	99	12,17,0	0.5862
chr8	140489868	C	T	SNV	598.03	PASS	15.61	14.95	1.264	0.694	60.00	-6.760e-01	0.952	0/0	38	99	38,0	0.0000	0/0	34	99	34,0	0.0000	0/1	40	99	16,24	0.6000
chr8	143085040	G	*,T	SNV	4648.24	PASS	-2.119e+00	5.62	0.562	0.640	36.92	0.431	1.36	0/0	18	42	18,0,0	0.0000	0/0	34	99	34,0,0	0.0000	0/1	37	99	19,18,0	0.4865
chr9	41004845	A	G	SNV	5710.58	PASS	-1.305e+00	3.37	4.353	1.082	51.06	0.087	-7.460e-01	0/0	38	99	38,0	0.0000	0/0	26	43	25,1	0.0385	0/1	33	99	23,10	0.3030
chr9	41261350	G	A	SNV	5902.82	PASS	-2.233e+00	3.33	0.000	0.419	71.16	-1.062e+00	0.125	0/0	24	84	24,0	0.0000	0/0	32	99	32,0	0.0000	0/1	35	99	23,12	0.3429
chr9	41652575	G	C	SNV	5103.82	PASS	-1.973e+00	2.45	4.885	0.282	69.93	-4.730e-01	0.496	0/0	28	83	28,0	0.0000	0/0	22	66	22,0	0.0000	0/1	26	99	18,8	0.3077
chr9	44387893	A	C	SNV	1725.24	PASS	-2.595e+00	10.21	8.704	0.236	37.17	-9.220e-01	1.19	0/0	38	99	38,0	0.0000	0/0	51	84	51,0	0.0000	0/1	22	99	14,8	0.3636
chr9	44387927	T	A	SNV	9883.48	PASS	-2.709e+00	7.73	0.929	0.894	37.08	-8.590e-01	0.058	0/0	38	99	38,0	0.0000	0/0	69	88	69,0	0.0000	0/1	27	99	17,10	0.3704
chr9	44414159	C	A	SNV	9207.52	PASS	-2.580e+00	3.25	1.676	0.933	47.46	0.807	0.432	0/0	24	37	24,0	0.0000	0/0	52	60	49,3	0.0577	0/1	7	62	4,3	0.4286
chr9	45188356	A	C,G	SNV	896.95	PASS	-2.260e+00	3.03	4.988	0.259	70.81	-8.530e-01	-1.219e+00	0/0	53	99	51,2,0	0.0377	0/0	15	45	15,0,0	0.0000	0/1	6	31	4,2,0	0.3333
chr9	45188420	T	C	SNV	72.24	PASS	-1.500e+00	9.03	6.750	0.104	107.06	1.38	1.04	0/0	49	57	47,2	0.0408	0/0	13	36	13,0	0.0000	0/1	6	72	4,2	0.3333
chr9	63365879	C	T	SNV	10371.78	PASS	-1.584e+00	6.10	6.068	0.345	43.08	-4.750e-01	0.520	0/0	25	42	25,0	0.0000	0/0	37	69	37,0	0.0000	0/1	16	99	11,5	0.3125
chr9	71443080	A	T	SNV	195.03	PASS	14.96	10.26	1.871	1.093	60.00	-1.362e+00	-2.890e-01	0/0	33	99	33,0	0.0000	0/0	36	93	36,0	0.0000	0/1	19	99	11,8	0.4211
chr9	88684018	G	*,A	SNV	20117.00	PASS	-2.218e+00	5.23	0.555	0.804	56.13	0.00	0.083	0/0	19	57	19,0,0	0.0000	0/0	19	35	18,0,1	0.0000	0/1	27	99	15,12,0	0.4444
chr9	90997358	C	*,T,CAT	INDEL	1578.76	PASS	-3.224e-01	1.58	0.799	0.839	75.93	0.182	-5.700e-02	0/0	18	54	18,0,0,0	0.0000	0/0	20	57	19,0,0,0	0.0000	0/1	26	99	16,10,0,0	0.3846
chr9	91499823	C	G	SNV	465.03	PASS	15.67	13.29	1.313	0.990	60.00	-3.810e-01	-1.209e+00	0/0	36	73	36,0	0.0000	0/0	33	84	33,0	0.0000	0/1	35	99	16,19	0.5429
chr9	130716819	C	T	SNV	630.03	PASS	1.33	17.50	1.356	0.446	59.95	-4.530e-01	-3.520e-01	0/0	41	99	41,0	0.0000	0/0	36	99	36,0	0.0000	0/1	36	99	12,24	0.6667
chr9	130809419	T	*,A	SNV	13839.27	PASS	-1.888e+00	5.23	0.653	0.627	42.58	0.00	0.779	0/0	25	76	25,0,0	0.0000	0/0	15	45	15,0,0	0.0000	0/1	23	99	12,11,0	0.4783
chr9	133087088	A	*,T	SNV	5264.57	PASS	-2.278e+00	1.61	0.546	0.683	42.10	0.046	-3.830e-01	0/0	24	81	24,0,0	0.0000	0/0	50	80	50,0,0	0.0000	0/1	42	99	20,22,0	0.5238
chr10	1396899	G	T,*	SNV	27787.75	PASS	-1.152e+00	18.32	3.221	0.973	40.85	-2.320e-01	0.143	0/0	48	99	48,0,0	0.0000	0/0	20	57	20,0,0	0.0000	0/1	17	99	6,11,0	0.6471
chr10	12564157	C	*,CTG	INDEL	2869.72	PASS	-5.819e-01	3.13	0.538	0.799	61.87	-4.570e-01	0.743	0/0	41	99	41,0,0	0.0000	0/0	25	76	25,0,0	0.0000	0/1	29	99	17,12,0	0.4138
chr10	28265015	G	C	SNV	500.03	PASS	15.76	12.20	1.216	1.022	60.00	-7.970e-01	0.327	0/0	38	99	38,0	0.0000	0/0	37	99	37,0	0.0000	0/1	41	99	22,19	0.4634
chr10	36813707	C	T	SNV	62976.35	PASS	-7.311e-01	13.67	0.000	0.726	60.24	0.050	-8.220e-01	0/0	34	99	34,0	0.0000	0/0	14	42	14,0	0.0000	0/1	24	99	15,9	0.3750
chr10	37243299	T	*,TA	INDEL	9687.00	PASS	0.556	1.49	0.541	0.623	19.26	-1.580e-01	0.146	0/0	43	74	40,0,3	0.0000	0/0	40	99	40,0,0	0.0000	0/1	33	99	16,17,0	0.5152
chr10	40701108	C	T	SNV	205.44	PASS	-1.838e+00	0.55	0.000	0.644	61.22	0.134	-4.010e-01	0/0	41	99	41,0	0.0000	0/0	21	63	21,0	0.0000	0/1	18	94	12,6	0.3333
chr10	41035270	T	A	SNV	15894.43	PASS	-2.613e+00	14.97	1.347	0.552	39.06	0.509	0.550	0/0	30	55	30,0	0.0000	0/0	10	30	10,0	0.0000	0/1	6	99	4,2	0.3333
chr10	41578646	G	T	SNV	52.59	PASS	-4.620e-01	13.15	3.318	0.112	88.37	1.03	0.00	0/0	29	81	29,0	0.0000	0/0	23	69	23,0	0.0000	0/1	4	78	2,2	0.5000
chr10	41770471	G	A	SNV	397.08	PASS	-3.823e-01	12.41	6.578	0.982	69.53	0.923	0.697	0/0	29	81	29,0	0.0000	0/0	36	99	36,0	0.0000	0/1	32	99	16,16	0.5000
chr10	47052641	C	T	SNV	593.03	PASS	15.99	12.89	0.000	0.871	60.00	0.857	1.54	0/0	24	60	24,0	0.0000	0/0	35	99	35,0	0.0000	0/1	46	99	23,23	0.5000
chr10	54146935	A	G,ATATATATAGTGTATATATATATAG,*	INDEL	35407.76	PASS	0.997	14.91	0.000	0.688	47.99	-5.700e-02	-5.100e-01	0/0	23	60	23,0,0,0	0.0000	0/0	14	41	14,0,0,0	0.0000	0/1	25	99	16,9,0,0	0.3600
chr10	69358267	A	G	SNV	1671.44	PASS	15.83	13.37	2.276	0.612	60.00	0.798	0.074	0/0	40	99	40,0	0.0000	0/0	40	99	40,0	0.0000	0/1	34	99	19,15	0.4412
chr10	77398081	T	*,TG	INDEL	556.09	PASS	-4.762e-01	5.15	3.230	0.689	81.38	0.110	1.11	0/0	38	99	38,0,0	0.0000	0/0	39	99	39,0,0	0.0000	0/1	48	99	24,24,0	0.5000
chr10	85897973	C	T	SNV	323.03	PASS	15.29	7.34	9.514	1.324	60.00	-9.410e-01	0.792	0/0	30	81	30,0	0.0000	0/0	34	99	34,0	0.0000	0/1	44	99	29,15	0.3409
chr10	91612459	T	*,C	SNV	14937.73	PASS	-8.822e-01	9.80	1.093	0.782	52.05	0.101	0.731	0/0	35	90	35,0,0	0.0000	0/0	49	42	49,0,0	0.0000	0/1	8	99	4,4,0	0.5000
chr10	95296731	G	A	SNV	568.03	PASS	15.61	14.20	0.000	0.693	60.00	-4.730e-01	0.798	0/0	36	99	36,0	0.0000	0/0	38	99	38,0	0.0000	0/1	40	99	20,20	0.5000
chr10	102080198	C	T	SNV	593.03	PASS	15.09	14.83	1.222	0.483	60.00	1.29	-1.090e-01	0/0	42	99	42,0	0.0000	0/0	35	90	35,0	0.0000	0/1	40	99	17,23	0.5750
chr10	103315998	A	*,G	SNV	6382.71	PASS	-2.251e+00	3.47	0.000	0.730	40.15	-9.900e-02	1.20	0/0	13	39	13,0,0	0.0000	0/0	35	99	35,0,0	0.0000	0/1	25	99	14,11,0	0.4400
chr10	110767161	G	*,A	SNV	42119.06	PASS	-1.627e+00	13.32	0.534	0.621	41.83	0.449	0.201	0/0	28	60	28,0,0	0.0000	0/0	26	66	26,0,0	0.0000	0/1	20	99	13,7,0	0.3500
chr10	121245747	C	T	SNV	576.03	PASS	12.32	16.00	13.869	2.142	60.00	-8.020e-01	0.674	0/0	26	78	26,0	0.0000	0/0	39	99	39,0	0.0000	0/1	36	99	15,21	0.5833
chr10	121685661	G	A	SNV	3375.03	PASS	17.63	12.36	2.633	0.756	60.00	0.281	0.979	0/0	33	99	33,0	0.0000	0/0	38	99	38,0	0.0000	0/1	43	99	20,23	0.5349
chr10	122831766	G	*,T,GT	INDEL	23510.88	PASS	0.729	2.41	1.146	0.799	28.19	-1.410e-01	0.204	0/0	46	99	46,0,0,0	0.0000	0/0	53	74	49,0,4,0	0.0000	0/1	26	99	12,14,0,0	0.5385
chr10	126203941	T	*,C	SNV	25987.62	PASS	-2.548e+00	2.37	0.537	0.636	32.75	0.096	0.876	0/0	33	99	33,0,0	0.0000	0/0	36	99	35,0,1	0.0000	0/1	35	99	18,17,0	0.4857
chr11	10239719	G	A	SNV	5859.65	PASS	-1.802e-01	4.96	1.551	0.788	60.19	0.046	-8.700e-02	0/0	33	90	33,0	0.0000	0/0	25	30	24,1	0.0400	0/1	21	99	14,7	0.3333
chr11	10239726	C	A	SNV	7678.19	PASS	-1.246e+00	5.98	2.295	0.735	59.41	-3.350e-01	0.170	0/0	32	93	32,0	0.0000	0/0	25	33	24,1	0.0400	0/1	22	99	14,8	0.3636
chr11	41818044	C	T	SNV	626.03	PASS	15.95	14.23	1.181	1.051	60.00	-2.000e-01	0.672	0/0	33	90	33,0	0.0000	0/0	30	90	30,0	0.0000	0/1	44	99	20,24	0.5455
chr11	50742981	T	G	SNV	265.04	PASS	14.77	8.83	5.859	1.773	60.00	0.258	-9.900e-01	0/0	35	99	35,0	0.0000	0/0	25	72	25,0	0.0000	0/1	30	99	19,11	0.3667
chr11	58869038	T	G	SNV	33291.55	PASS	2.44	18.21	0.521	0.779	59.99	0.208	-7.800e-02	0/0	16	45	16,0	0.0000	0/0	35	99	35,0	0.0000	0/1	31	99	19,12	0.3871
chr11	102302659	T	C	SNV	709.03	PASS	15.06	16.49	0.000	0.732	60.00	-1.155e+00	0.410	0/0	37	99	37,0	0.0000	0/0	37	99	37,0	0.0000	0/1	43	99	17,26	0.6047
chr11	108417568	C	*,A,CA	INDEL	15629.47	PASS	1.39	1.42	0.000	0.657	16.65	-1.270e-01	0.163	0/0	40	99	38,0,0,0	0.0000	0/0	37	99	37,0,0,0	0.0000	0/1	34	99	14,20,0,0	0.5882
chr11	109008700	C	T	SNV	3695.03	PASS	-1.407e+00	15.46	0.886	0.635	66.78	0.635	-3.580e-01	0/0	26	43	26,0	0.0000	0/0	22	41	22,0	0.0000	0/1	5	86	2,3	0.6000
chr11	109008702	C	T	SNV	92.34	PASS	-1.232e+00	18.47	0.000	0.616	111.10	0.919	0.714	0/0	27	46	27,0	0.0000	0/0	24	72	24,0	0.0000	0/1	5	86	3,2	0.4000
chr11	115175376	A	*,T	SNV	5674.64	PASS	-2.512e+00	1.19	3.362	0.498	37.12	-6.300e-02	0.179	0/0	41	99	41,0,0	0.0000	0/0	24	53	23,0,1	0.0000	0/1	28	99	11,17,0	0.6071
chr11	125958595	A	*,G	SNV	488.23	PASS	-2.194e+00	0.27	0.612	0.783	52.85	0.231	1.05	0/0	24	66	24,0,0	0.0000	0/0	20	64	20,0,0	0.0000	0/1	28	99	15,13,0	0.4643
chr11	125958597	A	*,T	SNV	486.65	PASS	-2.196e+00	0.28	0.612	0.787	53.22	0.091	0.933	0/0	25	72	25,0,0	0.0000	0/0	21	64	21,0,0	0.0000	0/1	28	99	15,13,0	0.4643
chr12	11083863	T	G,A	SNV	11311.69	PASS	-6.586e-01	4.22	0.000	0.801	84.96	-1.285e+00	0.807	0/0	13	39	13,0,0	0.0000	0/0	41	42	39,2,0	0.0488	0/1	23	99	16,7,0	0.3043
chr12	15568767	A	G	SNV	449.03	PASS	15.81	9.98	0.000	0.848	60.00	0.011	0.494	0/0	34	99	34,0	0.0000	0/0	37	99	37,0	0.0000	0/1	45	99	26,19	0.4222
chr12	22527331	T	*,TA,TATA,TATATA	INDEL	9407.22	PASS	0.593	7.03	0.000	0.593	53.37	0.014	0.437	0/0	26	78	26,0,0,0,0	0.0000	0/0	33	53	31,0,2,0,0	0.0000	0/1	34	99	16,18,0,0,0	0.5294
chr12	37240035	C	G,A	SNV	1390.72	PASS	-1.954e+00	2.50	0.000	0.886	74.98	-8.950e-01	-2.040e-01	0/0	16	48	16,0,0	0.0000	0/0	11	33	11,0,0	0.0000	0/1	10	99	7,3,0	0.3000
chr12	46089219	C	*,G	SNV	17558.47	PASS	-3.004e-01	20.85	4.192	0.456	39.57	0.101	-2.710e-01	0/0	27	32	27,0,0	0.0000	0/0	32	46	32,0,0	0.0000	0/1	26	99	18,8,0	0.3077
chr12	52449945	G	C	SNV	28207.66	PASS	-2.225e+00	5.55	5.516	1.243	54.29	-3.154e+00	0.671	0/0	48	95	48,0	0.0000	0/0	37	99	37,0	0.0000	0/1	43	99	30,13	0.3023
chr12	52449949	C	T	SNV	28063.07	PASS	-2.119e+00	5.55	5.485	1.181	54.39	-3.102e+00	0.708	0/0	48	95	48,0	0.0000	0/0	37	99	37,0	0.0000	0/1	42	99	29,13	0.3095
chr12	81927465	G	T,*	SNV	106617.90	PASS	-8.050e-02	24.11	0.000	0.669	55.70	-4.610e-01	-4.650e-01	0/0	22	66	22,0,0	0.0000	0/0	27	81	27,0,0	0.0000	0/1	23	99	16,7,0	0.3043
chr12	81927466	A	C,AATACATACATATATACGTATGTATTC,*,AATACATACATATATACGTATGTATTCATACATACATATATACGTATGTATTC	INDEL	117662.18	PASS	1.13	26.21	0.543	0.645	56.48	-3.480e-01	-6.340e-01	0/0	22	66	22,0,0,0,0	0.0000	0/0	27	56	27,0,0,0,0	0.0000	0/1	23	99	16,7,0,0,0	0.3043
chr12	92985852	C	*,A	SNV	414.49	PASS	-2.495e+00	0.29	1.262	0.847	44.06	0.322	0.315	0/0	28	84	28,0,0	0.0000	0/0	40	91	40,0,0	0.0000	0/1	24	99	12,12,0	0.5000
chr12	93331247	G	*,A,GAAAA	INDEL	14253.31	PASS	-3.728e-01	2.73	0.000	0.717	30.04	-1.390e-01	0.582	0/0	33	99	33,0,0,0	0.0000	0/0	19	57	19,0,0,0	0.0000	0/1	30	99	17,13,0,0	0.4333
chr12	103374097	G	A	SNV	600.03	PASS	-7.573e-01	11.77	6.077	1.036	79.81	0.937	1.27	0/0	29	81	29,0	0.0000	0/0	37	99	37,0	0.0000	0/1	51	99	28,23	0.4510
chr12	107852350	A	*,AG	INDEL	1185.45	PASS	-2.127e-01	0.55	0.746	0.566	1.74	.	.	0/0	33	85	33,0,0	0.0000	0/0	33	93	33,0,0	0.0000	0/1	20	99	12,8,0	0.4000
chr12	112658378	T	C	SNV	507.03	PASS	0.526	13.00	12.506	1.198	59.90	0.829	0.014	0/0	37	99	37,0	0.0000	0/0	41	99	41,0	0.0000	0/1	39	99	19,20	0.5128
chr12	124469079	G	A	SNV	590.03	PASS	15.84	14.39	0.000	0.593	60.00	0.437	-7.810e-01	0/0	35	91	35,0	0.0000	0/0	33	99	33,0	0.0000	0/1	41	99	17,24	0.5854
chr12	128353836	A	C	SNV	547.03	PASS	16.26	16.09	3.051	0.307	60.00	-6.120e-01	1.17	0/0	32	72	32,0	0.0000	0/0	33	99	33,0	0.0000	0/1	34	99	14,20	0.5882
chr13	25238429	T	*,TAA	INDEL	18648.64	PASS	0.215	2.51	1.787	0.842	27.41	-8.600e-02	0.521	0/0	25	75	25,0,0	0.0000	0/0	29	88	29,0,0	0.0000	0/1	29	99	20,9,0	0.3103
chr13	65762056	T	*,TA	INDEL	9286.25	PASS	0.907	1.26	0.525	0.649	22.50	-8.300e-02	0.248	0/0	38	99	38,0,0	0.0000	0/0	28	78	28,0,0	0.0000	0/1	33	99	22,11,0	0.3333
chr13	72596687	A	T	SNV	285.03	PASS	14.99	7.13	0.000	0.760	60.00	-3.750e-01	0.664	0/0	33	99	33,0	0.0000	0/0	41	99	41,0	0.0000	0/1	40	99	27,13	0.3250
chr13	73413574	G	A	SNV	673.03	PASS	15.68	13.46	0.000	0.614	60.00	-7.980e-01	1.11	0/0	42	99	42,0	0.0000	0/0	25	72	25,0	0.0000	0/1	50	99	23,27	0.5400
chr13	73916249	A	*,ACACG	INDEL	21683.58	PASS	0.873	2.14	0.617	0.612	18.74	-8.300e-02	0.204	0/0	35	99	35,0,0	0.0000	0/0	29	81	27,0,0	0.0000	0/1	32	99	14,18,0	0.5625
chr13	81932733	G	*,GGAAAAGAA	INDEL	4367.03	PASS	-7.414e-01	0.77	1.149	0.593	9.13	0.296	-5.780e-01	0/0	33	50	31,0,2	0.0000	0/0	54	81	54,0,0	0.0000	0/1	42	99	17,25,0	0.5952
chr13	98928020	C	*,A,CA	INDEL	35505.89	PASS	1.87	5.16	0.000	0.679	55.64	-1.900e-01	-1.100e-01	0/0	28	32	26,0,2,0	0.0000	0/0	30	90	30,0,0,0	0.0000	0/1	36	99	13,23,0,0	0.6389
chr13	106281925	T	*,A	SNV	63291.51	PASS	-1.874e+00	6.18	0.000	0.679	38.62	-2.220e-01	0.458	0/0	27	81	27,0,0	0.0000	0/0	40	67	38,0,2	0.0000	0/1	39	99	20,19,0	0.4872
chr13	111298984	G	C	SNV	605.03	PASS	12.53	13.15	17.719	1.936	60.00	-1.760e-01	1.23	0/0	42	99	42,0	0.0000	0/0	37	99	37,0	0.0000	0/1	46	99	23,23	0.5000
chr14	19158637	G	T	SNV	6807.93	PASS	-2.534e+00	3.45	7.628	0.302	47.06	-7.850e-01	-4.060e-01	0/0	48	99	48,0	0.0000	0/0	23	42	23,0	0.0000	0/1	30	99	20,10	0.3333
chr14	19175858	T	G	SNV	26240.08	PASS	-1.915e+00	13.25	2.619	0.511	39.26	-5.970e-01	0.423	0/0	35	99	35,0	0.0000	0/0	24	63	24,0	0.0000	0/1	18	99	9,9	0.5000
chr14	19175862	T	G	SNV	27122.95	PASS	-2.159e+00	14.08	0.000	0.660	39.27	-5.620e-01	0.177	0/0	35	99	35,0	0.0000	0/0	23	63	23,0	0.0000	0/1	21	99	10,11	0.5238
chr14	19175866	T	G	SNV	26005.73	PASS	-2.166e+00	13.25	0.000	0.733	39.85	-5.840e-01	0.421	0/0	35	99	35,0	0.0000	0/0	23	63	23,0	0.0000	0/1	22	99	11,11	0.5000
chr14	27434681	C	*,T	SNV	25494.84	PASS	-7.894e-01	9.31	0.632	0.704	55.89	-1.110e-01	0.471	0/0	17	51	17,0,0	0.0000	0/0	24	58	24,0,0	0.0000	0/1	43	99	17,26,0	0.6047
chr14	36405919	G	C	SNV	620.03	PASS	16.00	10.16	2.205	1.136	60.00	-6.600e-02	1.77	0/0	37	99	37,0	0.0000	0/0	37	99	37,0	0.0000	0/1	61	99	36,25	0.4098
chr14	38839210	A	*,AG	INDEL	2151.38	PASS	-1.085e-01	0.80	1.836	0.568	26.90	0.220	0.306	0/0	32	93	32,0,0	0.0000	0/0	26	68	23,0,0	0.0000	0/1	15	99	9,6,0	0.4000
chr14	40628772	G	A	SNV	688.03	PASS	14.22	16.00	15.152	1.239	60.00	-1.478e+00	1.83	0/0	36	99	36,0	0.0000	0/0	38	99	38,0	0.0000	0/1	43	99	17,26	0.6047
chr14	41468025	G	A	SNV	500.03	PASS	15.72	13.16	2.864	0.850	60.00	-5.260e-01	2.01	0/0	33	93	33,0	0.0000	0/0	34	99	34,0	0.0000	0/1	38	99	19,19	0.5000
chr14	54624788	G	*,T	SNV	25877.96	PASS	-1.997e+00	4.90	0.000	0.696	36.84	0.170	0.299	0/0	35	99	35,0,0	0.0000	0/0	34	50	32,0,2	0.0000	0/1	39	99	20,19,0	0.4872
chr14	64354347	T	C	SNV	1379.71	PASS	-1.678e+00	4.02	10.351	0.916	63.69	-1.129e+00	-1.010e+00	0/0	38	99	38,0	0.0000	0/0	26	43	26,0	0.0000	0/1	10	99	6,4	0.4000
chr14	67393476	C	A	SNV	457.03	PASS	16.07	12.70	1.331	0.384	60.00	0.349	-3.170e-01	0/0	41	99	41,0	0.0000	0/0	40	99	40,0	0.0000	0/1	36	99	19,17	0.4722
chr14	76354724	C	*,T	SNV	3583.94	PASS	-1.711e+00	1.09	1.960	0.564	58.93	-2.590e-01	0.312	0/0	18	33	17,0,1	0.0000	0/0	20	59	19,0,0	0.0000	0/1	15	99	10,5,0	0.3333
chr14	88131007	T	C,TATATATATATATATATATATATATATATATATATAC,TATATATATATATATATAC,TATATATATATATATATATATATATATATATATATATAC,TATATATATATATATATATATATATATATATATAC,TATATATATATATATATATATATATATATATATATATATATATAC	INDEL	8554.56	PASS	0.691	11.51	4.973	0.816	62.16	0.087	-1.737e+00	0/0	29	60	29,0,0,0,0,0,0	0.0000	0/0	26	63	26,0,0,0,0,0,0	0.0000	0/1	9	76	6,3,0,0,0,0,0	0.3333
chr14	93152094	C	*,CTGTTTTT,T,CTGTTTTTT	INDEL	11245.58	PASS	-2.895e-01	3.06	1.160	0.823	49.58	-2.670e-01	-5.420e-01	0/0	21	63	21,0,0,0,0	0.0000	0/0	37	99	37,0,0,0,0	0.0000	0/1	33	99	22,11,0,0,0	0.3333
chr14	96156418	G	A	SNV	25298.25	PASS	0.413	13.01	0.610	0.643	59.19	0.289	-5.830e-01	0/0	27	65	27,0	0.0000	0/0	21	48	21,0	0.0000	0/1	15	99	10,5	0.3333
chr14	96523946	A	*,G	SNV	8284.45	PASS	-2.123e+00	4.47	1.742	0.857	34.92	0.206	0.625	0/0	29	81	29,0,0	0.0000	0/0	43	99	43,0,0	0.0000	0/1	28	99	12,16,0	0.5714
chr14	102200469	G	*,T	SNV	9519.77	PASS	-2.673e+00	2.14	0.000	0.712	32.86	-1.060e-01	0.986	0/0	40	99	40,0,0	0.0000	0/0	35	54	33,2,0	0.0571	0/1	35	99	18,17,0	0.4857
chr15	18429702	T	A	SNV	49.29	PASS	-2.616e+00	9.86	3.960	1.198	142.62	2.32	1.41	0/0	14	30	14,0	0.0000	0/0	20	54	20,0	0.0000	0/1	5	75	3,2	0.4000
chr15	19424518	G	C	SNV	35006.90	PASS	-1.618e+00	10.56	8.997	0.325	31.47	-1.780e-01	0.437	0/0	90	99	90,0	0.0000	0/0	80	99	80,0	0.0000	0/1	17	99	11,6	0.3529
chr15	47471937	A	*,T	SNV	831.40	PASS	-2.603e+00	1.40	6.918	0.878	35.44	-5.600e-02	0.888	0/0	28	84	28,0,0	0.0000	0/0	42	99	42,0,0	0.0000	0/1	12	99	6,6,0	0.5000
chr15	57658602	G	A	SNV	471.03	PASS	14.48	10.24	1.165	0.497	60.00	-1.518e+00	-1.075e+00	0/0	27	72	27,0	0.0000	0/0	39	99	39,0	0.0000	0/1	46	99	26,20	0.4348
chr15	75193515	G	A	SNV	408.03	PASS	-1.312e+00	9.27	0.000	0.608	81.56	-4.400e-02	0.222	0/0	38	99	38,0	0.0000	0/0	42	99	42,0	0.0000	0/1	46	99	27,17	0.3864
chr15	88557122	C	A	SNV	514.04	PASS	-2.699e+00	12.24	11.439	1.630	54.36	-3.110e+00	0.491	0/0	34	99	34,0	0.0000	0/0	38	99	38,0	0.0000	0/1	42	99	22,20	0.4762
chr15	89006775	C	T	SNV	2354.57	PASS	0.306	12.59	1.808	0.865	59.52	-2.170e-01	0.00	0/0	34	99	34,0	0.0000	0/0	27	81	27,0	0.0000	0/1	27	99	14,13	0.4815
chr16	7723068	A	C	SNV	355.03	PASS	15.76	12.68	1.510	0.814	60.00	-5.740e-01	0.712	0/0	34	99	34,0	0.0000	0/0	38	99	38,0	0.0000	0/1	28	99	14,14	0.5000
chr16	13296659	G	A	SNV	312.03	PASS	15.02	8.67	0.000	0.883	60.00	-8.920e-01	0.406	0/0	42	99	42,0	0.0000	0/0	41	99	41,0	0.0000	0/1	36	99	22,14	0.3889
chr16	15826146	A	*,G	SNV	35482.72	PASS	-1.509e+00	7.12	0.000	0.699	40.41	0.017	0.573	0/0	43	80	41,2,0	0.0465	0/0	34	99	34,0,0	0.0000	0/1	32	99	20,12,0	0.3750
chr16	18151388	A	T,ACCTACCTACCT,AACCT,ACATACCTACCTACCT	INDEL	37902.66	PASS	-3.868e-01	9.75	0.000	0.779	60.72	-4.900e-01	-2.340e-01	0/0	44	72	44,0,0,0,0	0.0000	0/0	21	64	21,0,0,0,0	0.0000	0/1	29	99	20,9,0,0,0	0.3103
chr16	24575945	G	A,*	SNV	4934.78	PASS	-2.318e+00	10.64	4.465	1.588	61.44	0.00	0.720	0/0	18	53	18,0,0	0.0000	0/0	32	32	32,0,0	0.0000	0/1	9	85	6,3,0	0.3333
chr16	37946040	C	A	SNV	124.05	PASS	-1.593e+00	4.96	5.379	0.118	56.16	-4.370e-01	0.942	0/0	16	48	16,0	0.0000	0/0	53	30	53,0	0.0000	0/1	25	99	17,8	0.3200
chr16	54163329	G	*,A,T	SNV	17208.93	PASS	-2.386e+00	8.96	3.686	0.477	61.14	-4.600e-02	-9.560e-01	0/0	21	41	20,1,0,0	0.0476	0/0	41	59	41,0,0,0	0.0000	0/1	19	99	7,12,0,0	0.6316
chr16	56808128	A	*,AT	INDEL	355.47	PASS	-5.129e-01	3.55	1.495	0.560	22.54	-6.000e-02	-6.000e-02	0/0	24	33	24,0,0	0.0000	0/0	19	30	19,0,0	0.0000	0/1	21	99	8,13,0	0.6190
chr16	83950651	G	A,*	SNV	40320.70	PASS	-2.051e+00	27.88	5.441	1.118	50.27	-1.874e+00	-8.600e-01	0/0	55	99	55,0,0	0.0000	0/0	34	90	34,0,0	0.0000	0/1	30	99	11,19,0	0.6333
chr16	88279061	T	G	SNV	417.09	PASS	-1.312e+00	5.56	2.077	1.082	63.69	0.658	-7.640e-01	0/0	52	99	52,0	0.0000	0/0	41	99	41,0	0.0000	0/1	30	99	19,11	0.3667
chr16	88461009	G	*,C	SNV	3127.46	PASS	-2.624e+00	7.24	14.369	0.204	18.91	-1.001e+00	0.529	0/0	50	99	50,0,0	0.0000	0/0	35	40	35,0,0	0.0000	0/1	12	99	4,8,0	0.6667
chr17	1029817	T	*,C	SNV	3267.71	PASS	-2.438e+00	1.09	0.000	0.690	54.76	-5.000e-02	0.489	0/0	43	94	43,0,0	0.0000	0/0	19	67	19,0,0	0.0000	0/1	36	99	23,13,0	0.3611
chr17	1286690	G	*,C	SNV	1971.85	PASS	-2.012e+00	3.76	3.236	0.488	24.78	0.219	0.758	0/0	26	43	26,0,0	0.0000	0/0	45	99	45,0,0	0.0000	0/1	36	99	20,16,0	0.4444
chr17	14046304	A	*,T	SNV	9290.34	PASS	-2.545e+00	5.65	2.231	0.617	26.92	-1.340e-01	0.751	0/0	30	91	30,0,0	0.0000	0/0	42	99	42,0,0	0.0000	0/1	22	99	13,9,0	0.4091
chr17	22505533	C	T	SNV	1173.44	PASS	16.03	8.69	5.459	1.083	60.00	-2.080e-01	0.406	0/0	28	84	28,0	0.0000	0/0	31	93	31,0	0.0000	0/1	52	99	35,17	0.3269
chr17	27021742	A	*,C	SNV	32903.95	PASS	-9.339e-01	4.46	10.632	1.100	44.26	-1.130e-01	-2.000e-01	0/0	22	35	19,0,3	0.0000	0/0	37	99	37,0,0	0.0000	0/1	47	99	22,25,0	0.5319
chr17	33868200	T	*,G,TGTGC,TGTGA	INDEL	10704.68	PASS	0.562	1.82	0.000	0.669	7.40	0.121	0.218	0/0	35	99	35,0,0,0,0	0.0000	0/0	42	91	42,0,0,0,0	0.0000	0/1	42	99	22,20,0,0,0	0.4762
chr17	45365755	A	*,G	SNV	5987.16	PASS	-2.697e+00	3.26	1.245	0.813	38.08	-9.950e-01	1.09	0/0	33	72	33,0,0	0.0000	0/0	24	68	24,0,0	0.0000	0/1	22	99	12,10,0	0.4545
chr17	47543895	A	*,G	SNV	23648.32	PASS	-2.789e+00	2.91	2.450	0.697	29.91	1.46	1.59	0/0	35	99	35,0,0	0.0000	0/0	32	96	32,0,0	0.0000	0/1	37	99	22,15,0	0.4054
chr17	67383057	G	C	SNV	542.05	PASS	-2.407e+00	12.61	1.194	0.972	59.44	0.328	-2.004e+00	0/0	27	81	27,0	0.0000	0/0	42	99	42,0	0.0000	0/1	43	99	21,22	0.5116
chr17	76897662	T	*,C	SNV	6230.63	PASS	-2.247e+00	2.69	4.099	0.463	26.88	0.134	0.205	0/0	25	73	25,0,0	0.0000	0/0	34	45	34,0,0	0.0000	0/1	14	99	7,7,0	0.5000
chr17	79608240	G	A	SNV	421.03	PASS	14.51	10.27	6.637	1.739	60.00	0.146	-8.600e-01	0/0	35	99	35,0	0.0000	0/0	31	93	31,0	0.0000	0/1	41	99	24,17	0.4146
chr18	3090585	C	T	SNV	505.03	PASS	15.81	12.32	1.204	0.824	60.00	-3.520e-01	0.039	0/0	41	99	41,0	0.0000	0/0	35	90	35,0	0.0000	0/1	41	99	21,20	0.4878
chr18	11796575	C	A,CAAAAA,CAAA,CAAAA,CAAAAAAAAAA,CAA	INDEL	22294.71	PASS	-3.238e-01	12.28	14.688	1.003	71.64	-5.000e-02	-1.670e-01	0/0	17	48	16,0,0,0,0,0,0	0.0000	0/0	27	74	27,0,0,0,0,0,0	0.0000	0/1	20	72	14,6,0,0,0,0,0	0.3000
chr18	59248755	G	*,A	SNV	33522.87	PASS	-2.266e+00	6.13	1.123	0.788	33.73	-1.890e-01	-4.370e-01	0/0	30	41	30,0,0	0.0000	0/0	29	90	29,0,0	0.0000	0/1	29	99	15,14,0	0.4828
chr18	70708606	A	*,G	SNV	32290.69	PASS	-1.481e+00	8.54	1.102	0.803	42.56	-3.600e-02	0.465	0/0	24	72	24,0,0	0.0000	0/0	35	99	35,0,0	0.0000	0/1	22	99	13,9,0	0.4091
chr18	74852199	G	*,A	SNV	10269.61	PASS	-2.033e+00	2.47	0.681	0.590	33.23	-2.500e-02	0.950	0/0	38	99	38,0,0	0.0000	0/0	43	99	41,2,0	0.0465	0/1	42	99	25,17,0	0.4048
chr18	78668250	G	A	SNV	52577.85	PASS	-7.150e-02	16.41	4.125	0.973	53.42	-5.370e-01	-4.360e-01	0/0	31	64	31,0	0.0000	0/0	20	35	15,5	0.2500	0/1	28	99	14,14	0.5000
chr19	376689	T	*,C	SNV	3888.47	PASS	-2.387e+00	3.88	0.656	0.614	30.62	0.00	0.529	0/0	35	80	35,0,0	0.0000	0/0	31	68	31,0,0	0.0000	0/1	14	99	8,6,0	0.4286
chr19	1441960	C	*,A	SNV	8667.61	PASS	-1.281e+00	2.92	1.164	0.816	51.14	0.091	-1.780e-01	0/0	33	39	33,0,0	0.0000	0/0	20	40	19,0,1	0.0000	0/1	29	99	11,18,0	0.6207
chr19	2106284	C	G	SNV	789.03	PASS	15.47	15.47	7.729	1.392	60.00	1.32	-3.140e-01	0/0	40	99	40,0	0.0000	0/0	39	99	39,0	0.0000	0/1	51	99	22,29	0.5686
chr19	8193206	G	*,GA	INDEL	24099.45	PASS	0.265	3.62	0.000	0.679	37.41	0.166	0.226	0/0	15	45	15,0,0	0.0000	0/0	24	71	24,0,0	0.0000	0/1	22	99	11,11,0	0.5000
chr19	10404179	A	*,G	SNV	8131.01	PASS	-2.679e+00	1.18	0.523	0.707	28.81	-1.550e-01	-9.300e-02	0/0	44	99	44,0,0	0.0000	0/0	38	99	38,0,0	0.0000	0/1	42	99	20,22,0	0.5238
chr19	10404181	A	*,G	SNV	5925.97	PASS	-2.582e+00	1.17	0.517	0.741	33.69	0.037	-7.300e-01	0/0	44	99	44,0,0	0.0000	0/0	38	99	38,0,0	0.0000	0/1	42	99	20,22,0	0.5238
chr19	12589913	T	*,TG	INDEL	1323.80	PASS	0.547	0.57	0.000	0.719	5.12	.	.	0/0	28	84	28,0,0	0.0000	0/0	39	99	39,0,0	0.0000	0/1	45	99	23,22,0	0.4889
chr19	15119201	G	A	SNV	834.03	PASS	16.22	15.45	2.334	0.870	60.00	0.548	0.426	0/0	37	99	37,0	0.0000	0/0	34	99	34,0	0.0000	0/1	54	99	24,30	0.5556
chr19	18619139	G	A	SNV	520.03	PASS	15.43	11.31	0.000	0.693	60.00	-7.590e-01	1.09	0/0	33	99	33,0	0.0000	0/0	31	81	31,0	0.0000	0/1	46	99	24,22	0.4783
chr19	22745028	A	*,G	SNV	2205.42	PASS	-2.625e+00	4.18	3.768	1.036	46.04	0.348	-1.109e+00	0/0	25	72	25,0,0	0.0000	0/0	16	51	16,0,0	0.0000	0/1	24	99	12,12,0	0.5000
chr19	34633074	C	G	SNV	418.03	PASS	15.78	12.30	1.281	0.941	60.00	-3.280e-01	0.086	0/0	34	99	34,0	0.0000	0/0	36	99	36,0	0.0000	0/1	34	99	18,16	0.4706
chr19	37203721	C	T	SNV	528.03	PASS	14.58	9.26	5.577	0.257	60.00	1.63	2.35	0/0	36	99	36,0	0.0000	0/0	44	99	44,0	0.0000	0/1	57	99	35,22	0.3860
chr19	46243359	C	*,CT	INDEL	1505.34	PASS	-4.761e-01	1.94	0.000	0.688	5.46	.	.	0/0	12	32	12,0,0	0.0000	0/0	36	51	36,0,0	0.0000	0/1	13	99	9,4,0	0.3077
chr19	46808177	T	*,TA,TATA,TATATA	INDEL	56897.46	PASS	0.844	8.76	0.000	0.708	48.50	0.00	0.675	0/0	36	73	36,0,0,0,0	0.0000	0/0	37	99	37,0,0,0,0	0.0000	0/1	25	99	15,10,0,0,0	0.4000
chr20	2013292	G	*,A	SNV	4699.85	PASS	-2.324e+00	4.02	2.235	0.867	51.76	0.00	0.537	0/0	13	39	13,0,0	0.0000	0/0	31	90	31,0,0	0.0000	0/1	6	63	4,2,0	0.3333
chr20	2682356	A	*,G,C	SNV	35897.50	PASS	-1.335e+00	8.28	0.561	0.612	48.74	-3.290e-01	0.731	0/0	38	99	38,0,0,0	0.0000	0/0	21	72	21,0,0,0	0.0000	0/1	43	99	27,16,0,0	0.3721
chr20	2842746	A	C	SNV	1652.29	PASS	-1.781e+00	7.06	3.449	0.945	44.73	-5.600e-02	-1.470e+00	0/0	22	63	22,0	0.0000	0/0	21	38	21,0	0.0000	0/1	10	99	6,4	0.4000
chr20	2842760	C	A	SNV	1004.56	PASS	-1.879e+00	6.44	7.883	1.299	31.75	0.111	-7.510e-01	0/0	29	51	29,0	0.0000	0/0	21	60	21,0	0.0000	0/1	8	99	5,3	0.3750
chr20	6279078	T	C	SNV	46594.94	PASS	17.57	13.93	1.099	0.791	60.00	0.125	0.372	0/0	35	80	35,0	0.0000	0/0	35	99	35,0	0.0000	0/1	38	99	17,21	0.5526
chr20	6591664	C	A	SNV	491.03	PASS	15.84	11.98	0.000	0.624	60.00	0.196	-2.480e-01	0/0	32	90	32,0	0.0000	0/0	35	99	35,0	0.0000	0/1	41	99	22,19	0.4634
chr20	63393263	T	*,C	SNV	25020.49	PASS	-6.822e-01	6.88	1.100	0.675	43.92	0.032	0.735	0/0	42	99	42,0,0	0.0000	0/0	36	63	29,7,0	0.1944	0/1	57	99	21,36,0	0.6316
chr20	63393324	C	*,T	SNV	14067.79	PASS	-1.414e+00	5.54	0.000	0.730	39.64	0.033	0.360	0/0	49	99	49,0,0	0.0000	0/0	36	63	29,7,0	0.1944	0/1	57	99	21,36,0	0.6316
chr20	64126290	T	C	SNV	13266.78	PASS	-2.096e+00	4.80	6.982	1.235	56.35	-7.150e-01	0.592	0/0	31	90	31,0	0.0000	0/0	61	79	61,0	0.0000	0/1	57	99	39,18	0.3158
chr21	13054479	C	T	SNV	642.08	PASS	-1.470e+00	16.05	6.909	0.621	46.19	-2.235e+00	2.07	0/0	35	99	35,0	0.0000	0/0	35	99	35,0	0.0000	0/1	40	99	15,25	0.6250
chr21	14256944	C	*,T	SNV	51195.34	PASS	-1.082e+00	5.44	0.000	0.679	34.07	-4.100e-02	0.952	0/0	30	90	30,0,0	0.0000	0/0	31	81	31,0,0	0.0000	0/1	35	99	24,11,0	0.3143
chr21	25659369	T	C	SNV	448.03	PASS	15.40	12.11	0.000	0.602	60.00	0.046	-1.717e+00	0/0	31	90	31,0	0.0000	0/0	39	99	39,0	0.0000	0/1	37	99	19,18	0.4865
chr21	36318331	G	C	SNV	346.03	PASS	-2.695e+00	11.53	5.846	1.911	44.74	-2.290e-01	0.520	0/0	33	90	33,0	0.0000	0/0	29	81	29,0	0.0000	0/1	30	99	16,14	0.4667
chr21	41361189	G	A	SNV	465.05	PASS	15.65	10.82	1.213	1.078	60.00	-8.930e-01	0.379	0/0	43	99	43,0	0.0000	0/0	28	81	28,0	0.0000	0/1	43	99	24,19	0.4419
chr21	45376086	A	*,AAAT	INDEL	6230.86	PASS	-4.172e-01	1.52	2.444	0.805	3.83	.	.	0/0	20	45	20,0,0	0.0000	0/0	11	34	11,0,0	0.0000	0/1	32	99	17,15,0	0.4688
chr22	15952024	T	C	SNV	13587.56	PASS	-2.641e+00	4.50	0.799	0.848	57.09	-1.368e+00	0.553	0/0	23	69	23,0	0.0000	0/0	30	41	30,0	0.0000	0/1	5	99	2,3	0.6000
chr22	46941403	A	G,*	SNV	8909.64	PASS	-7.984e-01	16.56	0.000	0.646	55.85	-2.410e-01	0.027	0/0	20	36	20,0,0	0.0000	0/0	12	39	12,0,0	0.0000	0/1	33	99	19,14,0	0.4242
chr22	48623241	G	A	SNV	28361.24	PASS	-8.161e-01	10.63	1.768	0.830	54.49	0.076	0.367	0/0	43	99	43,0	0.0000	0/0	20	56	20,0	0.0000	0/1	36	99	17,19	0.5278
chr22	49265432	G	C	SNV	6070.35	PASS	1.33	13.64	0.543	0.780	58.88	0.036	-3.370e-01	0/0	19	43	19,0	0.0000	0/0	35	70	35,0	0.0000	0/1	25	99	12,13	0.5200
chrX	7458964	T	A	SNV	401.03	PASS	12.72	8.72	4.278	0.289	60.00	-1.910e-01	0.124	0/0	36	99	36,0	0.0000	0/0	11	33	11,0	0.0000	0/1	46	99	28,18	0.3913
chrX	7873460	A	*,T	SNV	131298.56	PASS	-2.876e-01	16.28	0.000	0.647	46.65	-1.190e-01	0.162	0/0	41	99	41,0,0	0.0000	0/0	14	42	14,0,0	0.0000	0/1	38	99	20,18,0	0.4737
chrX	31067475	T	*,TATGCACACACACGTGTGTATATACAC,TGCACACACACGTGTGTATATACACATATGCACACACACGTGTGTATATACAC,TATGCACACACACGTGTGTATATACACATATGCACACACACGTGTGTATATACAC,TGCACACACACGTGTGTATATACACATATGCACACACACGTGTGTATATACACATATGCACACACACGTGTGTATATACAC,TGCACACACACGTGTGTATATACACATATGCACACACACGTGTGTATATACACATATGCACACACACGTGTGTATATATAC	INDEL	162770.34	PASS	1.85	31.74	0.707	0.794	52.82	-3.600e-02	0.380	0/0	10	34	10,0,0,0,0,0,0	0.0000	0/0	18	54	18,0,0,0,0,0,0	0.0000	0/1	27	99	17,10,0,0,0,0,0	0.3704
chrX	40014427	C	*,T	SNV	6740.87	PASS	-2.789e+00	3.80	1.897	0.559	39.38	0.032	1.34	0/0	54	99	54,0,0	0.0000	0/0	21	63	21,0,0	0.0000	0/1	56	99	35,21,0	0.3750
chrX	65776425	T	C	SNV	691.03	PASS	13.06	15.71	2.652	1.079	60.00	1.97	-1.279e+00	0/0	38	99	38,0	0.0000	0/0	12	36	12,0	0.0000	0/1	44	99	19,25	0.5682
chrX	149189648	T	G	SNV	278.04	PASS	6.83	8.97	21.539	1.193	60.00	-4.260e-01	0.182	0/0	30	41	30,0	0.0000	0/0	14	42	14,0	0.0000	0/1	31	99	19,12	0.3871
